"id","Site","Polygon","SamplingDate","Flow","pH","COD","Ntot","Ptot","NH4","BOD"
1,Anthoupolis-B,Anthoupolis-B_SwrCat,2021-10-07 00:00:00,5240.0,7.95,700.0,81.0,10.05,64.2,300.0
2,Anthoupolis-B,Anthoupolis-B_SwrCat,2021-10-11 00:00:00,5398.0,7.78,800.0,88.0,11.31,71.2,296.0
3,Anthoupolis-B,Anthoupolis-B_SwrCat,2021-10-14 00:00:00,5358.0,7.35,521.0,98.0,15.27,70.4,349.0
4,Anthoupolis-B,Anthoupolis-B_SwrCat,2021-10-18 00:00:00,5141.0,7.7,519.0,81.0,15.3,73.2,336.0
5,Anthoupolis-B,Anthoupolis-B_SwrCat,2021-10-21 00:00:00,5345.0,7.47,798.0,91.0,10.29,83.5,336.0
6,Anthoupolis-B,Anthoupolis-B_SwrCat,2021-10-25 00:00:00,5249.0,8.0,807.0,110.0,11.85,86.9,376.0
7,Anthoupolis-B,Anthoupolis-B_SwrCat,2021-10-28 00:00:00,5076.0,7.6,826.0,100.0,10.89,71.9,345.0
8,Anthoupolis-B,Anthoupolis-B_SwrCat,2021-11-01 00:00:00,4935.0,8.1,683.0,105.0,9.96,77.5,365.0
9,Anthoupolis-B,Anthoupolis-B_SwrCat,2021-11-04 00:00:00,5018.0,7.47,760.0,80.0,10.29,75.7,365.0
10,Anthoupolis-B,Anthoupolis-B_SwrCat,2021-11-08 00:00:00,5073.0,7.78,819.0,90.0,10.44,95.8,296.0
11,Anthoupolis-B,Anthoupolis-B_SwrCat,2021-11-11 00:00:00,5128.0,7.52,756.0,78.0,10.23,87.6,296.0
12,Anthoupolis-B,Anthoupolis-B_SwrCat,2021-11-15 00:00:00,5133.0,7.54,822.0,85.0,12.09,89.5,404.0
13,Anthoupolis-B,Anthoupolis-B_SwrCat,2021-11-18 00:00:00,5145.0,7.54,952.0,94.0,11.19,85.5,418.0
14,Anthoupolis-B,Anthoupolis-B_SwrCat,2021-11-22 00:00:00,5191.0,7.8,1003.0,88.0,10.29,84.4,392.0
15,Anthoupolis-B,Anthoupolis-B_SwrCat,2021-11-25 00:00:00,5043.0,7.48,763.0,89.0,11.64,82.4,422.0
16,Anthoupolis-B,Anthoupolis-B_SwrCat,2021-11-29 00:00:00,5126.0,7.68,1468.0,92.0,10.14,86.2,429.0
17,Anthoupolis-B,Anthoupolis-B_SwrCat,2021-12-02 00:00:00,5277.0,7.25,874.0,98.0,11.13,85.1,442.0
18,Anthoupolis-B,Anthoupolis-B_SwrCat,2021-12-06 00:00:00,5290.0,7.49,884.0,87.0,9.75,69.8,336.0
19,Anthoupolis-B,Anthoupolis-B_SwrCat,2021-12-09 00:00:00,5603.0,7.19,722.0,75.0,13.5,71.6,321.0
20,Anthoupolis-B,Anthoupolis-B_SwrCat,2021-12-13 00:00:00,5035.0,7.23,456.0,92.0,10.17,87.0,383.0
21,Anthoupolis-B,Anthoupolis-B_SwrCat,2021-12-20 00:00:00,6129.0,7.42,743.0,88.0,10.35,79.6,380.0
22,Anthoupolis-B,Anthoupolis-B_SwrCat,2021-12-22 00:00:00,5222.0,7.23,835.0,92.0,13.38,92.2,401.0
23,Anthoupolis-B,Anthoupolis-B_SwrCat,2021-12-23 00:00:00,5856.0,7.29,1038.0,99.0,15.93,84.1,424.0
24,Anthoupolis-B,Anthoupolis-B_SwrCat,2021-12-27 00:00:00,5280.0,7.45,884.0,96.0,14.04,115.7,380.0
25,Anthoupolis-B,Anthoupolis-B_SwrCat,2021-12-30 00:00:00,8813.0,7.46,623.0,56.0,9.54,77.5,364.0
26,Anthoupolis-B,Anthoupolis-B_SwrCat,2022-01-03 00:00:00,5204.0,7.82,800.0,24.0,7.68,98.5,311.0
27,Anthoupolis-B,Anthoupolis-B_SwrCat,2022-01-06 00:00:00,5262.0,7.42,772.0,84.0,14.04,93.5,
28,Anthoupolis-B,Anthoupolis-B_SwrCat,2022-01-10 00:00:00,6560.0,7.48,880.0,96.0,10.77,96.5,
29,Anthoupolis-B,Anthoupolis-B_SwrCat,2022-01-13 00:00:00,6095.0,6.6,796.0,84.0,8.91,71.2,369.0
30,Anthoupolis-B,Anthoupolis-B_SwrCat,2022-01-18 00:00:00,5864.0,6.89,638.0,94.0,9.21,93.6,394.0
31,Anthoupolis-B,Anthoupolis-B_SwrCat,2022-01-20 00:00:00,5429.0,7.42,574.0,82.0,71.7,13.02,348.0
32,Anthoupolis-B,Anthoupolis-B_SwrCat,2022-01-24 00:00:00,5273.0,7.82,842.0,94.0,84.0,11.58,
33,Anthoupolis-B,Anthoupolis-B_SwrCat,2022-01-27 00:00:00,5407.0,7.41,352.0,85.0,9.99,74.3,378.0
34,Anthoupolis-B,Anthoupolis-B_SwrCat,2022-01-31 00:00:00,5736.0,7.65,842.0,129.0,8.28,78.0,
35,Anthoupolis-B,Anthoupolis-B_SwrCat,2022-02-07 00:00:00,5375.0,7.75,852.0,110.0,11.37,57.5,
36,Anthoupolis-B,Anthoupolis-B_SwrCat,2022-02-08 00:00:00,5367.0,7.92,846.0,108.0,12.6,88.9,344.0
37,Anthoupolis-B,Anthoupolis-B_SwrCat,2022-02-10 00:00:00,5549.0,7.17,412.0,56.0,12.6,82.4,345.0
38,Anthoupolis-B,Anthoupolis-B_SwrCat,2022-02-14 00:00:00,5252.0,7.64,740.0,84.0,12.96,80.3,342.0
39,Anthoupolis-B,Anthoupolis-B_SwrCat,2022-02-21 00:00:00,5311.0,7.8,812.0,84.0,10.44,91.0,
40,Anthoupolis-B,Anthoupolis-B_SwrCat,2022-02-22 00:00:00,5284.0,7.82,842.0,64.0,10.95,85.0,378.0
41,Anthoupolis-B,Anthoupolis-B_SwrCat,2022-02-24 00:00:00,5255.0,7.8,946.0,96.0,10.38,92.4,399.0
42,Anthoupolis-B,Anthoupolis-B_SwrCat,2022-02-28 00:00:00,5165.0,7.86,932.0,92.0,11.43,84.2,
43,Anthoupolis-B,Anthoupolis-B_SwrCat,2022-03-03 00:00:00,5277.0,7.22,548.0,84.0,15.27,57.0,397.0
44,Anthoupolis-B,Anthoupolis-B_SwrCat,2022-03-07 00:00:00,5261.0,7.84,635.0,92.0,15.84,91.5,
45,Anthoupolis-B,Anthoupolis-B_SwrCat,2022-03-10 00:00:00,5604.0,7.44,784.0,100.0,13.23,85.9,405.0
46,Anthoupolis-B,Anthoupolis-B_SwrCat,2022-03-14 00:00:00,5439.0,7.08,868.0,94.0,11.01,76.6,
47,Anthoupolis-B,Anthoupolis-B_SwrCat,2022-03-17 00:00:00,5228.0,7.42,810.0,84.0,13.23,84.7,405.0
48,Anthoupolis-B,Anthoupolis-B_SwrCat,2022-03-21 00:00:00,5575.0,7.32,833.0,92.0,12.57,83.12,
49,Anthoupolis-B,Anthoupolis-B_SwrCat,2022-03-24 00:00:00,5451.0,7.62,839.0,84.0,12.96,86.4,352.0
50,Anthoupolis-B,Anthoupolis-B_SwrCat,2022-03-28 00:00:00,5221.0,7.31,742.0,92.0,12.6,92.6,
51,Anthoupolis-B,Anthoupolis-B_SwrCat,2022-03-31 00:00:00,5500.0,7.64,842.0,102.0,12.39,69.7,
52,Anthoupolis-B,Anthoupolis-B_SwrCat,2022-04-04 00:00:00,5304.0,7.32,697.0,96.0,13.26,75.7,359.0
53,Anthoupolis-B,Anthoupolis-B_SwrCat,2022-04-07 00:00:00,5423.0,7.44,524.0,92.0,12.36,88.16,474.0
54,Anthoupolis-B,Anthoupolis-B_SwrCat,2022-04-11 00:00:00,5377.0,7.71,787.0,87.0,13.17,89.15,407.0
55,Anthoupolis-B,Anthoupolis-B_SwrCat,2022-04-14 00:00:00,5400.0,7.41,1564.0,89.0,11.85,60.9,386.0
56,Anthoupolis-B,Anthoupolis-B_SwrCat,2022-04-18 00:00:00,5151.0,7.63,1998.0,92.0,12.27,33.1,
57,Anthoupolis-B,Anthoupolis-B_SwrCat,2022-04-21 00:00:00,5526.0,7.59,1185.0,92.0,11.55,74.2,
58,Anthoupolis-B,Anthoupolis-B_SwrCat,2022-04-27 00:00:00,5389.0,7.82,905.0,84.0,10.26,79.6,389.0
59,Anthoupolis-B,Anthoupolis-B_SwrCat,2022-04-28 00:00:00,5410.0,7.42,886.0,94.0,13.29,77.1,383.0
60,Anthoupolis-B,Anthoupolis-B_SwrCat,2022-05-02 00:00:00,5347.0,7.62,878.0,92.0,10.02,93.7,401.0
61,Anthoupolis-B,Anthoupolis-B_SwrCat,2022-05-05 00:00:00,5223.0,7.31,1210.0,79.0,11.07,74.2,410.0
62,Anthoupolis-B,Anthoupolis-B_SwrCat,2022-05-09 00:00:00,4981.0,7.35,1174.0,82.0,11.79,83.3,430.0
63,Anthoupolis-B,Anthoupolis-B_SwrCat,2022-05-12 00:00:00,5217.0,7.51,1116.0,88.0,10.68,76.9,414.0
64,Anthoupolis-B,Anthoupolis-B_SwrCat,2022-05-16 00:00:00,5250.0,7.74,703.0,95.0,9.36,76.1,345.0
65,Anthoupolis-B,Anthoupolis-B_SwrCat,2022-05-19 00:00:00,5205.0,7.49,888.0,82.0,11.07,73.5,342.0
66,Anthoupolis-B,Anthoupolis-B_SwrCat,2022-05-23 00:00:00,5234.0,7.67,924.0,75.0,10.29,78.5,297.0
67,Anthoupolis-B,Anthoupolis-B_SwrCat,2022-05-26 00:00:00,5394.0,7.67,1333.0,84.0,11.34,62.8,382.0
68,Anthoupolis-B,Anthoupolis-B_SwrCat,2022-05-30 00:00:00,5222.0,7.88,1359.0,86.0,10.5,69.1,345.0
69,Anthoupolis-B,Anthoupolis-B_SwrCat,2022-06-02 00:00:00,5344.0,7.62,896.0,69.0,11.85,72.8,225.0
71,Anthoupolis-B,Anthoupolis-B_SwrCat,2022-06-09 00:00:00,5332.0,7.49,791.0,72.0,9.0,75.4,254.0
73,Anthoupolis-B,Anthoupolis-B_SwrCat,2022-06-16 00:00:00,5335.0,7.36,642.0,79.0,8.01,81.4,331.0
74,Anthoupolis-B,Anthoupolis-B_SwrCat,2022-06-20 00:00:00,5293.0,7.71,811.0,94.0,13.68,80.5,326.0
75,Anthoupolis-B,Anthoupolis-B_SwrCat,2022-06-23 00:00:00,5314.0,7.38,259.0,99.0,7.62,76.5,342.0
76,Anthoupolis-B,Anthoupolis-B_SwrCat,2022-06-27 00:00:00,5245.0,7.77,302.0,86.0,7.56,77.1,259.0
77,Anthoupolis-B,Anthoupolis-B_SwrCat,2022-06-30 00:00:00,5179.0,7.49,865.0,86.0,10.44,72.7,277.0
78,Anthoupolis-B,Anthoupolis-B_SwrCat,2022-07-04 00:00:00,5067.0,7.76,786.0,80.0,11.61,89.4,182.0
79,Anthoupolis-B,Anthoupolis-B_SwrCat,2022-07-07 00:00:00,5268.0,7.45,889.0,99.0,10.32,80.2,365.0
80,Anthoupolis-B,Anthoupolis-B_SwrCat,2022-07-11 00:00:00,5175.0,7.42,890.0,88.0,12.36,80.4,698.0
81,Anthoupolis-B,Anthoupolis-B_SwrCat,2022-07-14 00:00:00,4769.0,7.54,648.0,92.0,11.94,77.3,263.0
82,Anthoupolis-B,Anthoupolis-B_SwrCat,2022-07-18 00:00:00,5037.0,7.78,737.0,86.0,12.3,77.9,583.0
83,Anthoupolis-B,Anthoupolis-B_SwrCat,2022-07-25 00:00:00,5055.0,7.75,1408.0,96.0,12.75,96.4,286.0
84,Anthoupolis-B,Anthoupolis-B_SwrCat,2022-07-26 00:00:00,5161.0,7.87,1074.0,98.0,11.76,90.2,318.0
85,Anthoupolis-B,Anthoupolis-B_SwrCat,2022-07-28 00:00:00,5334.0,7.75,1583.0,92.0,9.36,62.9,330.0
86,Anthoupolis-B,Anthoupolis-B_SwrCat,2022-08-01 00:00:00,5447.0,7.87,731.0,90.0,12.84,77.9,
87,Anthoupolis-B,Anthoupolis-B_SwrCat,2022-08-04 00:00:00,5356.0,7.6,614.0,92.0,12.69,65.4,292.0
88,Anthoupolis-B,Anthoupolis-B_SwrCat,2022-08-08 00:00:00,5194.0,7.85,594.0,90.0,12.36,73.8,652.0
89,Anthoupolis-B,Anthoupolis-B_SwrCat,2022-08-11 00:00:00,5080.0,7.26,684.0,73.0,9.36,70.2,663.0
90,Anthoupolis-B,Anthoupolis-B_SwrCat,2022-08-15 00:00:00,3705.0,7.84,742.0,,12.15,79.4,191.0
91,Anthoupolis-B,Anthoupolis-B_SwrCat,2022-08-22 00:00:00,5100.0,7.77,551.0,74.0,11.52,63.6,434.0
92,Anthoupolis-B,Anthoupolis-B_SwrCat,2022-08-24 00:00:00,5235.0,7.74,721.0,76.0,14.1,70.6,
93,Anthoupolis-B,Anthoupolis-B_SwrCat,2022-08-25 00:00:00,5822.0,7.58,1290.0,73.0,8.01,65.7,
94,Anthoupolis-B,Anthoupolis-B_SwrCat,2022-08-29 00:00:00,,7.88,769.0,94.0,10.17,72.6,
95,Vathia-Gonia-A,Vathia-Gonia-A_SwrCat,2021-10-07 00:00:00,9336.0,7.68,410.0,99.0,12.57,81.3,368.0
96,Vathia-Gonia-A,Vathia-Gonia-A_SwrCat,2021-10-11 00:00:00,8820.0,7.65,457.0,95.0,10.53,76.1,
97,Vathia-Gonia-A,Vathia-Gonia-A_SwrCat,2021-10-14 00:00:00,9168.0,6.94,506.0,106.0,10.86,70.2,293.0
98,Vathia-Gonia-A,Vathia-Gonia-A_SwrCat,2021-10-18 00:00:00,8628.0,7.48,582.0,86.0,14.49,76.7,314.0
99,Vathia-Gonia-A,Vathia-Gonia-A_SwrCat,2021-10-21 00:00:00,9192.0,7.79,1074.0,92.0,12.03,80.5,352.0
100,Vathia-Gonia-A,Vathia-Gonia-A_SwrCat,2021-10-25 00:00:00,8592.0,8.09,805.0,95.0,9.69,82.1,
101,Vathia-Gonia-A,Vathia-Gonia-A_SwrCat,2021-10-28 00:00:00,9048.0,7.78,886.0,89.0,9.87,82.06,
102,Vathia-Gonia-A,Vathia-Gonia-A_SwrCat,2021-11-01 00:00:00,8544.0,8.05,783.0,90.0,9.51,80.1,
103,Vathia-Gonia-A,Vathia-Gonia-A_SwrCat,2021-11-04 00:00:00,9336.0,7.6,744.0,85.0,10.38,89.2,460.0
104,Vathia-Gonia-A,Vathia-Gonia-A_SwrCat,2021-11-08 00:00:00,8364.0,7.75,760.0,85.0,9.81,77.8,275.0
105,Vathia-Gonia-A,Vathia-Gonia-A_SwrCat,2021-11-11 00:00:00,9072.0,7.35,885.0,77.0,16.05,82.06,332.0
106,Vathia-Gonia-A,Vathia-Gonia-A_SwrCat,2021-11-15 00:00:00,8748.0,7.67,744.0,70.0,11.19,72.8,470.0
107,Vathia-Gonia-A,Vathia-Gonia-A_SwrCat,2021-11-18 00:00:00,9216.0,7.63,860.0,87.0,10.44,70.2,420.0
108,Vathia-Gonia-A,Vathia-Gonia-A_SwrCat,2021-11-23 00:00:00,8964.0,7.46,712.0,85.0,11.19,59.9,
109,Vathia-Gonia-A,Vathia-Gonia-A_SwrCat,2021-11-25 00:00:00,9396.0,7.44,1108.0,91.0,12.6,89.8,
110,Vathia-Gonia-A,Vathia-Gonia-A_SwrCat,2021-11-29 00:00:00,9356.0,7.67,1159.0,87.0,10.89,80.1,
111,Vathia-Gonia-A,Vathia-Gonia-A_SwrCat,2021-12-02 00:00:00,9144.0,7.34,844.0,69.0,11.79,88.0,350.0
112,Vathia-Gonia-A,Vathia-Gonia-A_SwrCat,2021-12-06 00:00:00,7120.0,7.5,901.0,100.0,13.23,81.5,346.0
113,Vathia-Gonia-A,Vathia-Gonia-A_SwrCat,2021-12-09 00:00:00,8168.0,7.17,720.0,78.0,8.67,79.1,304.0
114,Vathia-Gonia-A,Vathia-Gonia-A_SwrCat,2021-12-13 00:00:00,8880.0,7.26,837.0,93.0,16.03,75.4,486.0
115,Vathia-Gonia-A,Vathia-Gonia-A_SwrCat,2021-12-16 00:00:00,10500.0,7.41,742.0,82.0,9.12,67.4,381.0
116,Vathia-Gonia-A,Vathia-Gonia-A_SwrCat,2021-12-20 00:00:00,11700.0,7.39,642.0,69.0,8.82,73.2,317.0
117,Vathia-Gonia-A,Vathia-Gonia-A_SwrCat,2021-12-23 00:00:00,9420.0,6.6,1435.0,84.0,13.59,84.0,
118,Vathia-Gonia-A,Vathia-Gonia-A_SwrCat,2021-12-27 00:00:00,7584.0,7.27,995.0,89.0,11.82,97.6,
119,Vathia-Gonia-A,Vathia-Gonia-A_SwrCat,2021-12-30 00:00:00,8813.0,7.49,746.0,64.0,8.82,80.5,
120,Vathia-Gonia-A,Vathia-Gonia-A_SwrCat,2022-01-03 00:00:00,9624.0,7.64,638.0,39.0,8.67,74.0,636.0
121,Vathia-Gonia-A,Vathia-Gonia-A_SwrCat,2022-01-06 00:00:00,8832.0,6.83,1379.0,89.0,12.12,90.3,
72,Anthoupolis-B,Anthoupolis-B_SwrCat,2022-06-13 00:00:00,4849.0,7.79,859.0,69.0,12.42,65.7,
122,Vathia-Gonia-A,Vathia-Gonia-A_SwrCat,2022-01-10 00:00:00,8892.0,7.43,824.0,94.0,12.96,81.4,
123,Vathia-Gonia-A,Vathia-Gonia-A_SwrCat,2022-01-13 00:00:00,9948.0,6.89,484.0,82.0,7.53,55.0,
124,Vathia-Gonia-A,Vathia-Gonia-A_SwrCat,2022-01-17 00:00:00,9024.0,7.49,396.0,46.0,7.23,63.3,
125,Vathia-Gonia-A,Vathia-Gonia-A_SwrCat,2022-01-20 00:00:00,5132.0,7.59,908.0,86.0,9.72,52.0,
126,Vathia-Gonia-A,Vathia-Gonia-A_SwrCat,2022-01-24 00:00:00,10008.0,7.64,606.0,74.0,10.35,64.3,
127,Vathia-Gonia-A,Vathia-Gonia-A_SwrCat,2022-01-27 00:00:00,9884.0,7.2,418.0,67.0,7.44,56.9,
128,Vathia-Gonia-A,Vathia-Gonia-A_SwrCat,2022-01-31 00:00:00,9124.0,7.45,326.0,64.0,6.99,59.8,
129,Vathia-Gonia-A,Vathia-Gonia-A_SwrCat,2022-02-03 00:00:00,8592.0,7.07,743.0,87.0,11.13,77.5,
130,Vathia-Gonia-A,Vathia-Gonia-A_SwrCat,2022-02-07 00:00:00,9336.0,7.6,784.0,96.0,9.12,77.9,368.0
131,Vathia-Gonia-A,Vathia-Gonia-A_SwrCat,2022-02-10 00:00:00,8952.0,7.07,476.0,42.0,9.78,79.4,
132,Vathia-Gonia-A,Vathia-Gonia-A_SwrCat,2022-02-14 00:00:00,9168.0,7.28,459.0,76.0,9.36,78.5,362.0
133,Vathia-Gonia-A,Vathia-Gonia-A_SwrCat,2022-02-17 00:00:00,9108.0,6.45,1327.0,74.0,12.69,69.5,
134,Vathia-Gonia-A,Vathia-Gonia-A_SwrCat,2022-02-21 00:00:00,9192.0,7.37,675.0,79.0,8.79,73.9,352.0
135,Vathia-Gonia-A,Vathia-Gonia-A_SwrCat,2022-02-24 00:00:00,9180.0,7.32,784.0,84.0,12.36,56.4,
136,Vathia-Gonia-A,Vathia-Gonia-A_SwrCat,2022-02-28 00:00:00,9048.0,7.46,732.0,91.0,11.76,72.4,
137,Vathia-Gonia-A,Vathia-Gonia-A_SwrCat,2022-03-03 00:00:00,10980.0,7.16,538.0,96.0,11.1,66.2,
138,Vathia-Gonia-A,Vathia-Gonia-A_SwrCat,2022-03-07 00:00:00,8904.0,7.42,627.0,89.0,8.88,60.8,302.0
139,Vathia-Gonia-A,Vathia-Gonia-A_SwrCat,2022-03-10 00:00:00,10356.0,6.25,1018.0,88.0,11.67,68.2,
140,Vathia-Gonia-A,Vathia-Gonia-A_SwrCat,2022-03-14 00:00:00,10464.0,7.11,588.0,79.0,9.12,62.8,
141,Vathia-Gonia-A,Vathia-Gonia-A_SwrCat,2022-03-17 00:00:00,10284.0,6.84,1961.0,96.0,9.54,73.9,391.0
142,Vathia-Gonia-A,Vathia-Gonia-A_SwrCat,2022-03-21 00:00:00,9780.0,6.37,2021.0,94.0,11.73,75.7,513.0
143,Vathia-Gonia-A,Vathia-Gonia-A_SwrCat,2022-03-24 00:00:00,16188.0,7.14,648.0,76.0,11.25,91.4,
144,Vathia-Gonia-A,Vathia-Gonia-A_SwrCat,2022-03-28 00:00:00,9840.0,7.4,792.0,82.0,9.63,76.3,
145,Vathia-Gonia-A,Vathia-Gonia-A_SwrCat,2022-03-31 00:00:00,10488.0,7.64,748.0,84.0,10.56,56.5,
146,Vathia-Gonia-A,Vathia-Gonia-A_SwrCat,2022-04-04 00:00:00,9972.0,7.34,784.0,88.0,9.78,57.4,
147,Vathia-Gonia-A,Vathia-Gonia-A_SwrCat,2022-04-07 00:00:00,10428.0,6.83,656.0,67.0,11.01,65.5,521.0
148,Vathia-Gonia-A,Vathia-Gonia-A_SwrCat,2022-04-11 00:00:00,10608.0,7.52,1600.0,94.0,11.79,74.8,
149,Vathia-Gonia-A,Vathia-Gonia-A_SwrCat,2022-04-14 00:00:00,10368.0,7.17,1380.0,86.0,9.57,39.4,350.0
150,Vathia-Gonia-A,Vathia-Gonia-A_SwrCat,2022-04-18 00:00:00,9984.0,7.65,495.0,76.0,8.64,50.8,
151,Vathia-Gonia-A,Vathia-Gonia-A_SwrCat,2022-04-21 00:00:00,9996.0,7.64,1242.0,76.0,11.64,64.5,
152,Vathia-Gonia-A,Vathia-Gonia-A_SwrCat,2022-04-25 00:00:00,96000.0,7.73,896.0,87.0,11.76,69.2,
153,Vathia-Gonia-A,Vathia-Gonia-A_SwrCat,2022-04-28 00:00:00,9444.0,7.26,1348.0,91.0,9.18,86.6,
154,Vathia-Gonia-A,Vathia-Gonia-A_SwrCat,2022-05-02 00:00:00,9324.0,7.12,660.0,76.0,8.25,65.0,320.0
155,Vathia-Gonia-A,Vathia-Gonia-A_SwrCat,2022-05-05 00:00:00,9912.0,7.3,1056.0,94.0,12.15,65.4,390.0
156,Vathia-Gonia-A,Vathia-Gonia-A_SwrCat,2022-05-09 00:00:00,9108.0,7.48,1176.0,85.0,9.87,67.7,242.0
157,Vathia-Gonia-A,Vathia-Gonia-A_SwrCat,2022-05-12 00:00:00,9636.0,7.7,918.0,78.0,11.82,63.9,
158,Vathia-Gonia-A,Vathia-Gonia-A_SwrCat,2022-05-16 00:00:00,9120.0,7.89,765.0,74.0,12.15,78.6,386.0
159,Vathia-Gonia-A,Vathia-Gonia-A_SwrCat,2022-05-19 00:00:00,9684.0,7.39,1130.0,74.0,10.98,69.4,
160,Vathia-Gonia-A,Vathia-Gonia-A_SwrCat,2022-05-23 00:00:00,17328.0,7.61,1317.0,64.0,10.23,71.4,
161,Vathia-Gonia-A,Vathia-Gonia-A_SwrCat,2022-05-26 00:00:00,9480.0,7.46,2058.0,70.0,,70.7,450.0
162,Vathia-Gonia-A,Vathia-Gonia-A_SwrCat,2022-05-30 00:00:00,8484.0,7.88,1406.0,69.0,,67.4,
163,Vathia-Gonia-A,Vathia-Gonia-A_SwrCat,2022-06-02 00:00:00,9456.0,7.8,1251.0,88.0,10.71,72.4,
164,Vathia-Gonia-A,Vathia-Gonia-A_SwrCat,2022-06-06 00:00:00,8616.0,7.88,1060.0,87.0,10.08,73.4,
165,Vathia-Gonia-A,Vathia-Gonia-A_SwrCat,2022-06-09 00:00:00,9336.0,7.39,883.0,89.0,14.55,74.9,
166,Vathia-Gonia-A,Vathia-Gonia-A_SwrCat,2022-06-13 00:00:00,6720.0,7.79,785.0,82.0,9.93,67.1,254.0
167,Vathia-Gonia-A,Vathia-Gonia-A_SwrCat,2022-06-16 00:00:00,9528.0,7.62,884.0,77.0,13.65,58.3,381.0
168,Vathia-Gonia-A,Vathia-Gonia-A_SwrCat,2022-06-20 00:00:00,8436.0,7.77,710.0,78.0,11.19,65.9,370.0
169,Vathia-Gonia-A,Vathia-Gonia-A_SwrCat,2022-06-23 00:00:00,9324.0,7.62,497.0,34.0,10.17,77.9,314.0
170,Vathia-Gonia-A,Vathia-Gonia-A_SwrCat,2022-06-27 00:00:00,8304.0,7.76,563.0,76.0,8.67,69.2,
171,Vathia-Gonia-A,Vathia-Gonia-A_SwrCat,2022-06-30 00:00:00,9240.0,7.54,796.0,96.0,8.67,66.1,
172,Vathia-Gonia-A,Vathia-Gonia-A_SwrCat,2022-07-04 00:00:00,8196.0,7.83,637.0,74.0,8.85,75.9,
173,Vathia-Gonia-A,Vathia-Gonia-A_SwrCat,2022-07-07 00:00:00,9168.0,7.89,1005.0,78.0,12.84,76.2,
174,Vathia-Gonia-A,Vathia-Gonia-A_SwrCat,2022-07-11 00:00:00,8040.0,7.62,786.0,70.0,11.52,78.2,
175,Vathia-Gonia-A,Vathia-Gonia-A_SwrCat,2022-07-14 00:00:00,9084.0,7.45,686.0,72.0,10.86,56.1,
176,Vathia-Gonia-A,Vathia-Gonia-A_SwrCat,2022-07-18 00:00:00,7920.0,7.87,716.0,70.0,10.74,73.7,
177,Vathia-Gonia-A,Vathia-Gonia-A_SwrCat,2022-07-21 00:00:00,7884.0,7.77,836.0,84.0,12.3,84.5,
178,Vathia-Gonia-A,Vathia-Gonia-A_SwrCat,2022-07-25 00:00:00,7884.0,7.95,1070.0,96.0,10.62,80.6,
179,Vathia-Gonia-A,Vathia-Gonia-A_SwrCat,2022-07-28 00:00:00,8904.0,7.77,1465.0,86.0,11.58,73.0,
180,Vathia-Gonia-A,Vathia-Gonia-A_SwrCat,2022-08-01 00:00:00,7788.0,7.81,679.0,84.0,12.36,79.0,
181,Vathia-Gonia-A,Vathia-Gonia-A_SwrCat,2022-08-04 00:00:00,8880.0,7.9,451.0,86.0,11.58,62.4,
182,Vathia-Gonia-A,Vathia-Gonia-A_SwrCat,2022-08-08 00:00:00,7500.0,7.9,415.0,87.0,9.36,59.9,
183,Vathia-Gonia-A,Vathia-Gonia-A_SwrCat,2022-08-11 00:00:00,8316.0,7.72,551.0,70.0,11.76,88.0,
184,Vathia-Gonia-A,Vathia-Gonia-A_SwrCat,2022-08-15 00:00:00,6396.0,8.0,796.0,63.0,10.92,82.4,
185,Vathia-Gonia-A,Vathia-Gonia-A_SwrCat,2022-08-18 00:00:00,7476.0,7.84,568.0,73.0,8.52,64.2,
186,Vathia-Gonia-A,Vathia-Gonia-A_SwrCat,2022-08-22 00:00:00,7404.0,7.92,743.0,78.0,8.28,63.7,
187,Vathia-Gonia-A,Vathia-Gonia-A_SwrCat,2022-08-25 00:00:00,8544.0,7.85,474.0,90.0,9.12,61.9,
188,Vathia-Gonia-A,Vathia-Gonia-A_SwrCat,2022-08-29 00:00:00,8064.0,8.02,529.0,80.0,8.28,75.8,
189,Larnaca,Larnaca_SwrCat,2021-10-07 00:00:00,8253.12,7.84,482.0,76.0,9.6,64.9,239.0
190,Larnaca,Larnaca_SwrCat,2021-10-11 00:00:00,8219.0,8.07,469.0,79.0,10.38,61.6,329.0
191,Larnaca,Larnaca_SwrCat,2021-10-14 00:00:00,8481.0,7.45,545.0,66.0,8.43,72.7,205.0
192,Larnaca,Larnaca_SwrCat,2021-10-18 00:00:00,8066.5,7.71,738.0,82.0,14.34,63.6,234.0
193,Larnaca,Larnaca_SwrCat,2021-10-21 00:00:00,8181.6,7.84,1193.0,78.0,10.05,72.4,342.0
194,Larnaca,Larnaca_SwrCat,2021-10-25 00:00:00,7674.6,8.08,1130.0,84.0,10.77,73.8,348.0
195,Larnaca,Larnaca_SwrCat,2021-10-28 00:00:00,8053.8,7.92,1203.0,53.0,10.38,63.4,326.0
196,Larnaca,Larnaca_SwrCat,2021-11-01 00:00:00,7873.7,7.86,1075.0,54.0,11.4,80.4,436.0
197,Larnaca,Larnaca_SwrCat,2021-11-04 00:00:00,8059.4,7.65,914.0,78.0,10.89,73.5,540.0
198,Larnaca,Larnaca_SwrCat,2021-11-08 00:00:00,7854.9,7.7,925.0,81.0,10.26,78.5,309.0
199,Larnaca,Larnaca_SwrCat,2021-11-11 00:00:00,7855.4,7.95,955.0,74.0,11.07,71.6,542.0
200,Larnaca,Larnaca_SwrCat,2021-11-15 00:00:00,7708.5,8.1,1057.0,79.0,9.42,70.1,
201,Larnaca,Larnaca_SwrCat,2021-11-18 00:00:00,7807.7,7.46,923.0,77.0,9.48,74.8,576.0
202,Larnaca,Larnaca_SwrCat,2021-11-22 00:00:00,8236.0,7.88,839.0,66.0,8.4,56.9,
203,Larnaca,Larnaca_SwrCat,2021-11-25 00:00:00,8023.4,7.7,893.0,72.0,9.3,49.5,454.0
204,Larnaca,Larnaca_SwrCat,2021-11-29 00:00:00,8192.5,7.86,1504.0,79.0,9.96,73.3,
205,Larnaca,Larnaca_SwrCat,2021-12-02 00:00:00,8277.0,7.44,834.0,80.0,8.94,62.1,610.0
206,Larnaca,Larnaca_SwrCat,2021-12-06 00:00:00,9014.7,7.41,901.0,74.0,8.4,56.3,
207,Larnaca,Larnaca_SwrCat,2021-12-09 00:00:00,9309.7,7.07,630.0,62.0,6.46,44.6,516.0
208,Larnaca,Larnaca_SwrCat,2021-12-13 00:00:00,8762.2,7.49,906.0,69.0,7.98,68.8,
209,Larnaca,Larnaca_SwrCat,2021-12-16 00:00:00,9334.9,7.62,632.0,58.0,8.61,58.5,554.0
210,Larnaca,Larnaca_SwrCat,2021-12-20 00:00:00,13156.5,7.84,742.0,15.0,5.79,47.5,
211,Larnaca,Larnaca_SwrCat,2021-12-23 00:00:00,10172.4,7.2,746.0,89.0,14.43,64.9,456.0
212,Larnaca,Larnaca_SwrCat,2021-12-27 00:00:00,9581.1,7.61,897.0,86.0,8.52,81.7,598.0
213,Larnaca,Larnaca_SwrCat,2021-12-30 00:00:00,14201.9,7.82,920.0,42.0,9.36,66.2,
214,Larnaca,Larnaca_SwrCat,2022-01-03 00:00:00,12526.7,7.46,613.0,36.0,8.52,60.7,
215,Larnaca,Larnaca_SwrCat,2022-01-13 00:00:00,14111.2,7.18,614.0,59.0,4.98,44.4,
216,Larnaca,Larnaca_SwrCat,2022-01-17 00:00:00,11289.0,7.84,685.0,84.0,6.42,53.2,280.0
217,Larnaca,Larnaca_SwrCat,2022-01-20 00:00:00,10743.2,7.89,807.0,62.0,7.44,56.1,
218,Larnaca,Larnaca_SwrCat,2022-01-24 00:00:00,10875.5,7.78,692.0,58.0,7.17,52.5,289.0
219,Larnaca,Larnaca_SwrCat,2022-01-27 00:00:00,11910.2,7.4,933.0,45.0,11.1,50.2,245.0
220,Larnaca,Larnaca_SwrCat,2022-01-31 00:00:00,15186.2,7.53,241.0,47.0,13.62,55.3,123.0
221,Larnaca,Larnaca_SwrCat,2022-02-03 00:00:00,12008.3,7.47,582.0,65.0,6.93,54.7,398.0
222,Larnaca,Larnaca_SwrCat,2022-02-07 00:00:00,11413.3,7.55,546.0,67.0,7.83,95.4,414.0
223,Larnaca,Larnaca_SwrCat,2022-02-10 00:00:00,11504.1,7.07,466.0,81.0,7.44,54.5,
224,Larnaca,Larnaca_SwrCat,2022-02-14 00:00:00,10977.5,7.52,450.0,54.0,7.17,59.6,462.0
225,Larnaca,Larnaca_SwrCat,2022-02-17 00:00:00,10778.7,7.45,560.0,81.0,5.97,57.7,
226,Larnaca,Larnaca_SwrCat,2022-02-21 00:00:00,10508.6,7.67,742.0,85.0,6.69,59.3,
227,Larnaca,Larnaca_SwrCat,2022-02-24 00:00:00,10346.0,7.43,684.0,78.0,5.58,46.9,570.0
229,Larnaca,Larnaca_SwrCat,2022-03-03 00:00:00,10652.9,7.61,814.0,54.0,8.55,72.6,419.0
230,Larnaca,Larnaca_SwrCat,2022-03-07 00:00:00,10435.1,7.68,612.0,78.0,9.39,78.0,
231,Larnaca,Larnaca_SwrCat,2022-03-10 00:00:00,10795.2,7.7,1144.0,76.0,8.46,62.2,378.0
232,Larnaca,Larnaca_SwrCat,2022-03-14 00:00:00,10303.2,7.73,1042.0,73.0,8.07,56.5,
233,Larnaca,Larnaca_SwrCat,2022-03-17 00:00:00,10043.85,6.86,354.0,78.0,8.13,60.9,568.0
234,Larnaca,Larnaca_SwrCat,2022-03-21 00:00:00,10567.0,7.34,486.0,89.0,7.74,66.9,
235,Larnaca,Larnaca_SwrCat,2022-03-24 00:00:00,13458.0,7.16,986.0,84.0,8.58,56.9,436.0
236,Larnaca,Larnaca_SwrCat,2022-03-28 00:00:00,11365.0,7.2,984.0,78.0,7.68,84.2,
237,Larnaca,Larnaca_SwrCat,2022-03-31 00:00:00,10683.8,7.69,649.0,90.0,9.39,49.0,526.0
238,Larnaca,Larnaca_SwrCat,2022-04-04 00:00:00,10301.1,7.41,523.0,76.0,7.44,50.4,720.0
239,Larnaca,Larnaca_SwrCat,2022-04-07 00:00:00,10487.45,7.33,1378.0,74.0,9.36,65.1,
240,Larnaca,Larnaca_SwrCat,2022-04-11 00:00:00,9986.65,7.7,1300.0,49.0,10.68,63.7,
241,Larnaca,Larnaca_SwrCat,2022-04-14 00:00:00,10137.75,7.13,2500.0,84.0,8.43,42.7,510.0
242,Larnaca,Larnaca_SwrCat,2022-04-18 00:00:00,10292.4,7.62,649.0,69.0,8.82,41.5,
243,Larnaca,Larnaca_SwrCat,2022-04-21 00:00:00,10292.4,7.42,696.0,76.0,10.92,52.1,576.0
244,Larnaca,Larnaca_SwrCat,2022-04-25 00:00:00,9362.5,7.55,512.0,92.0,11.88,54.7,
245,Larnaca,Larnaca_SwrCat,2022-04-28 00:00:00,10018.9,7.59,925.0,89.0,8.1,65.9,530.0
246,Larnaca,Larnaca_SwrCat,2022-05-02 00:00:00,9646.2,7.48,463.0,76.0,7.83,59.0,
247,Larnaca,Larnaca_SwrCat,2022-05-05 00:00:00,10047.45,7.72,1362.0,62.0,10.62,67.7,550.0
248,Larnaca,Larnaca_SwrCat,2022-05-09 00:00:00,9383.1,7.77,1234.0,64.0,8.67,75.9,
249,Larnaca,Larnaca_SwrCat,2022-05-12 00:00:00,9293.2,7.59,853.0,67.0,12.36,78.7,582.0
250,Larnaca,Larnaca_SwrCat,2022-05-16 00:00:00,9505.2,7.73,1523.0,81.0,10.56,75.9,586.0
251,Larnaca,Larnaca_SwrCat,2022-05-19 00:00:00,9474.8,7.64,1009.0,64.0,10.59,79.0,
252,Larnaca,Larnaca_SwrCat,2022-05-23 00:00:00,9558.7,7.79,1038.0,74.0,8.43,82.4,580.0
253,Larnaca,Larnaca_SwrCat,2022-05-26 00:00:00,9293.9,7.42,630.0,84.0,,65.5,
254,Larnaca,Larnaca_SwrCat,2022-05-30 00:00:00,9194.4,7.79,559.0,79.0,,58.9,
255,Larnaca,Larnaca_SwrCat,2022-06-02 00:00:00,9209.5,7.66,1564.0,88.0,14.88,100.0,
256,Larnaca,Larnaca_SwrCat,2022-06-06 00:00:00,9209.0,7.5,1499.0,85.0,12.33,58.6,
257,Larnaca,Larnaca_SwrCat,2022-06-09 00:00:00,9367.9,7.62,651.0,86.0,9.75,71.8,524.0
258,Larnaca,Larnaca_SwrCat,2022-06-13 00:00:00,9383.0,7.95,722.0,88.0,11.07,69.2,
259,Larnaca,Larnaca_SwrCat,2022-06-16 00:00:00,9399.3,7.42,671.0,78.0,9.54,56.8,599.0
260,Larnaca,Larnaca_SwrCat,2022-06-20 00:00:00,9495.9,7.35,668.0,150.0,13.17,71.8,
261,Larnaca,Larnaca_SwrCat,2022-06-23 00:00:00,9161.0,7.78,583.0,78.0,10.17,67.5,464.0
262,Larnaca,Larnaca_SwrCat,2022-06-27 00:00:00,9461.4,8.07,795.0,54.0,10.14,57.6,590.0
263,Larnaca,Larnaca_SwrCat,2022-06-30 00:00:00,9194.2,7.89,1083.0,74.0,10.47,94.6,
264,Larnaca,Larnaca_SwrCat,2022-07-04 00:00:00,9308.8,8.0,519.0,78.0,9.78,65.2,664.0
265,Larnaca,Larnaca_SwrCat,2022-07-07 00:00:00,9281.3,7.39,842.0,82.0,11.19,94.8,
266,Larnaca,Larnaca_SwrCat,2022-07-11 00:00:00,9304.5,7.5,1081.0,84.0,9.66,71.9,624.0
267,Larnaca,Larnaca_SwrCat,2022-07-14 00:00:00,9378.0,7.63,537.0,92.0,10.59,66.2,
268,Larnaca,Larnaca_SwrCat,2022-07-18 00:00:00,9134.4,7.78,567.0,79.0,10.53,64.6,
269,Larnaca,Larnaca_SwrCat,2022-07-21 00:00:00,9381.2,7.81,897.0,76.0,9.78,94.2,
270,Larnaca,Larnaca_SwrCat,2022-07-25 00:00:00,9407.7,7.88,964.0,74.0,10.53,73.2,566.0
271,Larnaca,Larnaca_SwrCat,2022-07-28 00:00:00,9451.5,7.8,1366.0,70.0,10.62,61.6,
272,Larnaca,Larnaca_SwrCat,2022-08-01 00:00:00,,7.88,651.0,72.0,9.78,72.5,
273,Larnaca,Larnaca_SwrCat,2022-08-04 00:00:00,,7.74,369.0,90.0,9.69,56.1,454.0
274,Larnaca,Larnaca_SwrCat,2022-08-08 00:00:00,,8.07,527.0,76.0,10.26,55.7,422.0
275,Larnaca,Larnaca_SwrCat,2022-08-11 00:00:00,,7.92,872.0,88.0,11.55,60.3,
276,Larnaca,Larnaca_SwrCat,2022-08-15 00:00:00,,8.1,743.0,79.0,9.72,62.5,
277,Larnaca,Larnaca_SwrCat,2022-08-18 00:00:00,,7.79,546.0,56.0,7.2,61.8,
278,Larnaca,Larnaca_SwrCat,2022-08-22 00:00:00,,8.0,532.0,92.0,9.78,57.7,670.0
279,Larnaca,Larnaca_SwrCat,2022-08-25 00:00:00,,8.0,713.0,79.0,8.28,65.1,
280,Larnaca,Larnaca_SwrCat,2022-08-29 00:00:00,,8.19,638.0,73.0,8.94,68.3,
281,Limassol,Limassol_SwrCat,2021-10-07 00:00:00,28790.0,7.79,384.0,62.0,8.79,50.8,326.0
282,Limassol,Limassol_SwrCat,2021-10-11 00:00:00,28410.0,7.86,318.0,63.0,10.65,50.4,454.0
283,Limassol,Limassol_SwrCat,2021-10-14 00:00:00,29700.0,7.12,549.0,77.0,9.09,55.4,209.0
284,Limassol,Limassol_SwrCat,2021-10-18 00:00:00,27980.0,7.15,457.0,58.0,9.27,40.9,525.0
285,Limassol,Limassol_SwrCat,2021-10-21 00:00:00,28860.0,7.87,731.0,74.0,10.02,65.4,368.0
286,Limassol,Limassol_SwrCat,2021-10-25 00:00:00,27990.0,8.38,924.0,76.0,9.6,65.7,349.0
287,Limassol,Limassol_SwrCat,2021-10-28 00:00:00,26470.0,7.99,854.0,73.0,8.19,50.3,323.0
288,Limassol,Limassol_SwrCat,2021-11-01 00:00:00,28660.0,7.99,778.0,69.0,8.58,51.9,444.0
289,Limassol,Limassol_SwrCat,2021-11-04 00:00:00,28320.0,7.7,638.0,64.0,10.83,63.5,345.0
290,Limassol,Limassol_SwrCat,2021-11-08 00:00:00,26470.0,7.85,628.0,69.0,9.45,52.6,236.0
291,Limassol,Limassol_SwrCat,2021-11-11 00:00:00,27830.0,7.79,715.0,56.0,6.48,54.7,383.0
292,Limassol,Limassol_SwrCat,2021-11-15 00:00:00,26630.0,8.14,730.0,61.0,6.99,58.2,
293,Limassol,Limassol_SwrCat,2021-11-18 00:00:00,27340.0,7.78,743.0,62.0,8.1,54.2,
294,Limassol,Limassol_SwrCat,2021-11-22 00:00:00,26440.0,7.84,822.0,84.0,7.8,57.8,
295,Limassol,Limassol_SwrCat,2021-11-25 00:00:00,28790.0,7.86,223.0,76.0,13.56,69.9,408.0
296,Limassol,Limassol_SwrCat,2021-11-29 00:00:00,26200.0,7.82,233.0,69.0,11.37,55.5,
297,Limassol,Limassol_SwrCat,2021-12-02 00:00:00,27320.0,7.63,846.0,90.0,8.31,54.1,
298,Limassol,Limassol_SwrCat,2021-12-06 00:00:00,26450.0,7.82,861.0,79.0,8.79,60.3,425.0
299,Limassol,Limassol_SwrCat,2021-12-09 00:00:00,27860.0,7.21,856.0,35.0,7.38,34.4,
300,Limassol,Limassol_SwrCat,2021-12-13 00:00:00,25930.0,7.44,685.0,85.0,10.29,64.6,437.0
301,Limassol,Limassol_SwrCat,2021-12-16 00:00:00,27290.0,7.32,583.0,55.0,7.68,58.7,
302,Limassol,Limassol_SwrCat,2021-12-20 00:00:00,30540.0,7.4,542.0,36.0,6.96,39.1,362.0
303,Limassol,Limassol_SwrCat,2021-12-23 00:00:00,27650.0,7.31,635.0,72.0,5.97,51.5,
304,Limassol,Limassol_SwrCat,2021-12-27 00:00:00,25190.0,7.61,775.0,94.0,12.99,79.4,522.0
305,Limassol,Limassol_SwrCat,2021-12-30 00:00:00,40990.0,7.39,825.0,55.0,7.17,69.0,
306,Limassol,Limassol_SwrCat,2022-01-03 00:00:00,27110.0,7.89,653.0,43.0,7.68,71.4,
307,Limassol,Limassol_SwrCat,2022-01-06 00:00:00,24880.0,7.56,726.0,56.0,7.71,73.3,444.0
308,Limassol,Limassol_SwrCat,2022-01-10 00:00:00,38910.0,7.75,910.0,89.0,10.23,72.5,
309,Limassol,Limassol_SwrCat,2022-01-13 00:00:00,35580.0,7.43,701.0,91.0,13.2,80.2,
310,Limassol,Limassol_SwrCat,2022-01-17 00:00:00,25900.0,7.39,517.0,76.0,7.2,71.7,
311,Limassol,Limassol_SwrCat,2022-01-20 00:00:00,27610.0,7.46,493.0,84.0,7.08,55.7,
312,Limassol,Limassol_SwrCat,2022-01-24 00:00:00,26560.0,7.58,582.0,83.0,6.42,50.0,499.0
313,Limassol,Limassol_SwrCat,2022-01-27 00:00:00,28500.0,7.44,248.0,51.0,4.38,45.2,
314,Limassol,Limassol_SwrCat,2022-01-31 00:00:00,30390.0,7.53,714.0,53.0,5.4,55.3,490.0
315,Limassol,Limassol_SwrCat,2022-02-03 00:00:00,27920.0,7.46,482.0,77.0,11.52,72.8,
316,Limassol,Limassol_SwrCat,2022-02-07 00:00:00,26980.0,7.55,481.0,57.0,8.79,43.0,
317,Limassol,Limassol_SwrCat,2022-02-10 00:00:00,28360.0,7.35,1625.0,54.0,12.48,46.4,
318,Limassol,Limassol_SwrCat,2022-02-14 00:00:00,26540.0,7.65,518.0,58.0,14.16,52.6,
319,Limassol,Limassol_SwrCat,2022-02-17 00:00:00,27580.0,7.43,582.0,59.0,14.4,71.7,
320,Limassol,Limassol_SwrCat,2022-02-21 00:00:00,26640.0,7.64,400.0,74.0,14.97,57.7,
321,Limassol,Limassol_SwrCat,2022-02-24 00:00:00,27740.0,7.62,584.0,69.0,12.6,69.2,510.0
322,Limassol,Limassol_SwrCat,2022-02-28 00:00:00,27170.0,7.51,482.0,84.0,13.53,64.9,547.0
323,Limassol,Limassol_SwrCat,2022-03-03 00:00:00,29100.0,7.44,338.0,69.0,13.74,61.0,
324,Limassol,Limassol_SwrCat,2022-03-07 00:00:00,25890.0,7.73,278.0,84.0,8.61,79.8,
325,Limassol,Limassol_SwrCat,2022-03-10 00:00:00,30250.0,7.49,755.0,91.0,10.41,60.2,301.0
326,Limassol,Limassol_SwrCat,2022-03-14 00:00:00,27080.0,7.71,448.0,74.0,7.89,65.1,462.0
327,Limassol,Limassol_SwrCat,2022-03-17 00:00:00,27350.0,7.31,357.0,89.0,6.27,67.9,
328,Limassol,Limassol_SwrCat,2022-03-21 00:00:00,27070.0,7.39,1848.0,76.0,6.54,64.2,
329,Limassol,Limassol_SwrCat,2022-03-24 00:00:00,28410.0,6.86,692.0,56.0,8.58,61.0,
330,Limassol,Limassol_SwrCat,2022-03-28 00:00:00,27700.0,7.55,542.0,49.0,9.36,52.6,521.0
331,Limassol,Limassol_SwrCat,2022-03-31 00:00:00,28900.0,7.52,442.0,79.0,9.6,57.0,
332,Limassol,Limassol_SwrCat,2022-04-04 00:00:00,28510.0,7.44,546.0,73.0,9.54,53.5,492.0
333,Limassol,Limassol_SwrCat,2022-04-07 00:00:00,29920.0,7.31,1450.0,57.0,9.36,66.4,
334,Limassol,Limassol_SwrCat,2022-04-11 00:00:00,29070.0,7.15,1690.0,79.0,10.77,61.3,485.0
335,Limassol,Limassol_SwrCat,2022-04-14 00:00:00,30030.0,7.46,1607.0,74.0,7.95,44.8,
336,Limassol,Limassol_SwrCat,2022-04-18 00:00:00,28560.0,7.63,645.0,68.0,7.89,62.6,580.0
337,Limassol,Limassol_SwrCat,2022-04-21 00:00:00,30330.0,7.43,846.0,68.0,7.02,69.4,
338,Limassol,Limassol_SwrCat,2022-04-25 00:00:00,24980.0,7.74,746.0,74.0,7.38,72.4,574.0
339,Limassol,Limassol_SwrCat,2022-04-28 00:00:00,29150.0,7.12,484.0,72.0,10.32,74.7,
340,Limassol,Limassol_SwrCat,2022-05-02 00:00:00,28980.0,7.23,760.0,58.0,9.39,65.6,
341,Limassol,Limassol_SwrCat,2022-05-05 00:00:00,30000.0,7.51,2028.0,56.0,11.52,65.9,597.0
342,Limassol,Limassol_SwrCat,2022-05-09 00:00:00,28370.0,8.06,1498.0,45.0,10.26,63.9,492.0
343,Limassol,Limassol_SwrCat,2022-05-12 00:00:00,29280.0,7.39,1326.0,82.0,9.69,62.4,
344,Limassol,Limassol_SwrCat,2022-05-16 00:00:00,28790.0,7.47,1100.0,74.0,11.76,53.2,442.0
345,Limassol,Limassol_SwrCat,2022-05-19 00:00:00,29290.0,7.76,756.0,104.0,7.62,63.3,
346,Limassol,Limassol_SwrCat,2022-05-23 00:00:00,28890.0,7.84,651.0,62.0,6.96,73.7,425.0
347,Limassol,Limassol_SwrCat,2022-05-26 00:00:00,29820.0,7.63,1181.0,82.0,7.95,68.6,
348,Limassol,Limassol_SwrCat,2022-05-30 00:00:00,29000.0,8.03,558.0,74.0,8.22,62.4,344.0
349,Limassol,Limassol_SwrCat,2022-06-02 00:00:00,30340.0,7.55,770.0,71.0,10.29,70.4,
350,Limassol,Limassol_SwrCat,2022-06-06 00:00:00,30120.0,7.5,908.0,72.0,9.0,74.1,479.0
351,Limassol,Limassol_SwrCat,2022-06-09 00:00:00,29730.0,7.63,876.0,74.0,9.99,66.1,
352,Limassol,Limassol_SwrCat,2022-06-13 00:00:00,26260.0,7.88,415.0,72.0,7.68,64.2,
353,Limassol,Limassol_SwrCat,2022-06-16 00:00:00,29860.0,7.68,708.0,50.4,11.76,57.0,
354,Limassol,Limassol_SwrCat,2022-06-20 00:00:00,29370.0,7.85,941.0,53.9,12.0,68.0,
355,Limassol,Limassol_SwrCat,2022-06-23 00:00:00,29940.0,7.92,461.0,48.2,9.09,58.0,
356,Limassol,Limassol_SwrCat,2022-06-27 00:00:00,29150.0,7.87,472.0,58.1,8.43,54.0,
357,Limassol,Limassol_SwrCat,2022-06-30 00:00:00,29320.0,7.64,866.0,56.9,11.19,74.0,
358,Limassol,Limassol_SwrCat,2022-07-04 00:00:00,27380.0,7.72,690.0,48.2,11.46,90.0,427.0
359,Limassol,Limassol_SwrCat,2022-07-07 00:00:00,27740.0,7.63,770.0,63.3,9.36,90.0,
360,Limassol,Limassol_SwrCat,2022-07-11 00:00:00,27410.0,7.39,908.0,72.7,10.17,62.0,
361,Limassol,Limassol_SwrCat,2022-07-14 00:00:00,27720.0,7.79,387.0,54.2,9.48,62.6,
362,Limassol,Limassol_SwrCat,2022-07-18 00:00:00,27060.0,7.91,340.0,56.3,9.63,63.0,
363,Limassol,Limassol_SwrCat,2022-07-21 00:00:00,,7.97,852.0,81.0,9.63,66.8,
364,Limassol,Limassol_SwrCat,2022-07-25 00:00:00,,8.0,742.0,56.0,9.27,77.3,
365,Limassol,Limassol_SwrCat,2022-07-28 00:00:00,,7.96,846.0,74.0,10.53,57.1,
366,Limassol,Limassol_SwrCat,2022-08-01 00:00:00,,8.0,454.0,76.0,11.52,51.2,
367,Limassol,Limassol_SwrCat,2022-08-04 00:00:00,,8.0,278.0,72.0,7.26,44.7,
368,Limassol,Limassol_SwrCat,2022-08-08 00:00:00,,8.01,397.0,62.0,8.67,41.9,
369,Limassol,Limassol_SwrCat,2022-08-11 00:00:00,,7.89,583.0,43.0,10.74,49.4,
370,Limassol,Limassol_SwrCat,2022-08-15 00:00:00,,8.09,469.0,50.0,11.7,42.8,
371,Limassol,Limassol_SwrCat,2022-08-18 00:00:00,,7.9,412.0,61.0,8.67,44.4,
372,Limassol,Limassol_SwrCat,2022-08-22 00:00:00,,7.99,402.0,57.0,8.52,48.4,
373,Limassol,Limassol_SwrCat,2022-08-25 00:00:00,,7.99,691.0,56.0,7.74,48.5,
374,Limassol,Limassol_SwrCat,2022-08-29 00:00:00,,8.07,510.0,62.0,8.76,29.5,
375,Paphos,Paphos_SwrCat,2021-10-07 00:00:00,13772.0,7.28,674.0,38.0,9.66,50.9,
376,Paphos,Paphos_SwrCat,2021-10-11 00:00:00,14412.0,7.36,696.0,66.0,11.07,52.6,
377,Paphos,Paphos_SwrCat,2021-10-14 00:00:00,14688.0,7.21,657.0,77.0,11.4,63.6,
378,Paphos,Paphos_SwrCat,2021-10-18 00:00:00,14643.0,7.22,391.0,82.0,11.7,60.5,
379,Paphos,Paphos_SwrCat,2021-10-21 00:00:00,14862.0,7.48,1004.0,80.0,10.77,74.1,
380,Paphos,Paphos_SwrCat,2021-10-25 00:00:00,14822.0,7.66,909.0,78.0,11.61,60.1,
381,Paphos,Paphos_SwrCat,2021-10-28 00:00:00,14010.0,6.89,990.0,84.0,15.99,77.3,
382,Paphos,Paphos_SwrCat,2021-11-01 00:00:00,13618.0,7.46,894.0,82.0,9.48,70.0,
383,Paphos,Paphos_SwrCat,2021-11-04 00:00:00,12938.0,7.22,547.0,67.0,10.65,66.3,540.0
384,Paphos,Paphos_SwrCat,2021-11-08 00:00:00,12995.0,7.62,449.0,65.0,11.04,82.3,562.0
385,Paphos,Paphos_SwrCat,2021-11-11 00:00:00,12845.0,7.16,787.0,66.0,10.14,65.8,560.0
386,Paphos,Paphos_SwrCat,2021-11-15 00:00:00,12350.0,7.31,871.0,71.0,10.11,66.6,
387,Paphos,Paphos_SwrCat,2021-11-18 00:00:00,12173.0,7.42,1467.0,138.0,11.34,69.4,677.0
388,Paphos,Paphos_SwrCat,2021-11-22 00:00:00,12092.0,7.39,1003.0,86.0,10.2,68.4,338.0
389,Paphos,Paphos_SwrCat,2021-11-25 00:00:00,15452.0,7.28,896.0,80.0,12.54,57.1,654.0
390,Paphos,Paphos_SwrCat,2021-11-29 00:00:00,10817.0,7.53,1448.0,114.0,12.66,62.2,
391,Paphos,Paphos_SwrCat,2021-12-02 00:00:00,10990.0,7.12,402.0,72.0,10.26,67.6,703.0
392,Paphos,Paphos_SwrCat,2021-12-06 00:00:00,10501.0,7.25,646.0,74.0,9.75,47.1,472.0
393,Paphos,Paphos_SwrCat,2021-12-09 00:00:00,11021.0,7.02,459.0,122.0,3.57,36.0,
394,Paphos,Paphos_SwrCat,2021-12-13 00:00:00,9994.0,7.14,389.0,20.0,6.24,63.7,491.0
395,Paphos,Paphos_SwrCat,2021-12-16 00:00:00,10642.0,7.29,363.0,64.0,9.9,61.3,477.0
396,Paphos,Paphos_SwrCat,2021-12-20 00:00:00,21504.0,7.69,389.0,37.0,8.52,31.8,323.0
397,Paphos,Paphos_SwrCat,2021-12-23 00:00:00,10693.0,7.15,534.0,74.0,8.67,65.0,
398,Paphos,Paphos_SwrCat,2021-12-27 00:00:00,11176.0,7.3,622.0,96.0,10.44,70.4,429.0
399,Paphos,Paphos_SwrCat,2021-12-30 00:00:00,21193.0,7.46,318.0,32.0,7.29,47.8,474.0
400,Paphos,Paphos_SwrCat,2022-01-03 00:00:00,12770.0,7.52,516.0,56.0,8.43,53.1,380.0
401,Paphos,Paphos_SwrCat,2022-01-06 00:00:00,11810.0,7.42,485.0,74.0,7.47,63.4,401.0
402,Paphos,Paphos_SwrCat,2022-01-10 00:00:00,22349.0,7.84,643.0,72.0,8.58,64.8,410.0
403,Paphos,Paphos_SwrCat,2022-01-13 00:00:00,13920.0,6.15,487.0,81.0,7.08,58.7,433.0
404,Paphos,Paphos_SwrCat,2022-01-17 00:00:00,11992.0,6.48,564.0,58.0,7.98,63.8,408.0
405,Paphos,Paphos_SwrCat,2022-01-20 00:00:00,11532.0,7.42,351.0,72.0,8.55,50.4,
406,Paphos,Paphos_SwrCat,2022-01-24 00:00:00,11499.0,7.32,403.0,51.0,8.82,49.8,406.0
407,Paphos,Paphos_SwrCat,2022-01-27 00:00:00,12376.0,7.3,395.0,52.0,9.9,43.3,301.0
408,Paphos,Paphos_SwrCat,2022-01-31 00:00:00,14978.0,7.23,544.0,41.0,5.01,37.1,364.0
409,Paphos,Paphos_SwrCat,2022-02-03 00:00:00,14438.0,7.43,312.0,62.0,7.68,49.0,454.0
410,Paphos,Paphos_SwrCat,2022-02-07 00:00:00,12384.0,7.58,324.0,50.0,7.59,36.0,404.0
411,Paphos,Paphos_SwrCat,2022-02-10 00:00:00,12526.0,7.22,400.0,68.0,9.36,49.0,445.0
412,Paphos,Paphos_SwrCat,2022-02-14 00:00:00,11192.0,7.46,658.0,69.0,8.13,58.0,500.0
413,Paphos,Paphos_SwrCat,2022-02-17 00:00:00,11148.0,7.26,1012.0,92.0,7.95,59.4,
414,Paphos,Paphos_SwrCat,2022-02-21 00:00:00,11311.0,7.51,574.0,54.0,6.36,54.1,392.0
415,Paphos,Paphos_SwrCat,2022-02-24 00:00:00,11629.0,7.26,436.0,79.0,7.29,57.2,
416,Paphos,Paphos_SwrCat,2022-02-28 00:00:00,11339.0,7.52,485.0,52.0,8.58,58.1,554.0
417,Paphos,Paphos_SwrCat,2022-03-03 00:00:00,12961.0,7.64,564.0,54.0,10.05,54.6,
418,Paphos,Paphos_SwrCat,2022-03-07 00:00:00,12819.0,7.34,485.0,87.0,10.08,62.4,
419,Paphos,Paphos_SwrCat,2022-03-10 00:00:00,12504.0,7.33,747.0,66.0,9.75,49.8,514.0
420,Paphos,Paphos_SwrCat,2022-03-14 00:00:00,12237.0,7.5,782.0,76.0,10.47,52.9,582.0
421,Paphos,Paphos_SwrCat,2022-03-17 00:00:00,11623.0,7.38,1547.0,87.0,10.65,67.4,
422,Paphos,Paphos_SwrCat,2022-03-21 00:00:00,11955.0,6.63,628.0,59.0,7.83,54.6,
423,Paphos,Paphos_SwrCat,2022-03-24 00:00:00,13328.0,7.27,486.0,64.0,11.52,62.4,479.0
424,Paphos,Paphos_SwrCat,2022-03-28 00:00:00,12814.0,7.39,346.0,76.0,10.86,81.4,396.0
425,Paphos,Paphos_SwrCat,2022-03-31 00:00:00,13352.0,7.26,542.0,61.0,9.9,42.8,437.0
426,Paphos,Paphos_SwrCat,2022-04-04 00:00:00,14172.0,7.41,485.0,54.0,9.33,47.8,345.0
427,Paphos,Paphos_SwrCat,2022-04-07 00:00:00,13970.0,7.47,731.0,72.0,9.45,59.8,422.0
428,Paphos,Paphos_SwrCat,2022-04-11 00:00:00,14477.0,7.41,827.0,76.0,10.2,57.4,418.0
429,Paphos,Paphos_SwrCat,2022-04-14 00:00:00,14466.0,7.26,759.0,72.0,7.38,55.6,451.0
430,Paphos,Paphos_SwrCat,2022-04-18 00:00:00,14385.0,7.31,645.0,67.0,8.61,57.8,378.0
431,Paphos,Paphos_SwrCat,2022-04-21 00:00:00,15037.0,7.3,759.0,62.0,7.47,63.5,571.0
432,Paphos,Paphos_SwrCat,2022-04-25 00:00:00,14007.0,7.41,792.0,69.0,8.28,62.9,382.0
433,Paphos,Paphos_SwrCat,2022-04-28 00:00:00,15001.0,7.25,864.0,69.0,14.55,59.9,417.0
434,Paphos,Paphos_SwrCat,2022-05-02 00:00:00,14544.0,7.12,981.0,70.0,10.95,62.4,294.0
435,Paphos,Paphos_SwrCat,2022-05-05 00:00:00,14716.0,6.94,1239.0,83.0,9.87,57.1,663.0
436,Paphos,Paphos_SwrCat,2022-05-09 00:00:00,14674.0,7.6,1143.0,67.0,8.52,72.7,337.0
437,Paphos,Paphos_SwrCat,2022-05-12 00:00:00,14291.0,7.26,846.0,61.0,12.45,62.2,
438,Paphos,Paphos_SwrCat,2022-05-16 00:00:00,14713.0,7.55,855.0,69.0,7.38,59.1,330.0
439,Paphos,Paphos_SwrCat,2022-05-19 00:00:00,14548.0,7.34,702.0,50.0,10.02,51.0,644.0
440,Paphos,Paphos_SwrCat,2022-05-23 00:00:00,14539.0,7.37,465.0,60.0,8.58,63.2,502.0
441,Paphos,Paphos_SwrCat,2022-05-26 00:00:00,14588.0,7.47,842.0,86.0,10.2,69.7,676.0
442,Paphos,Paphos_SwrCat,2022-05-30 00:00:00,14597.0,7.44,569.0,70.0,6.36,54.12,600.0
445,Paphos,Paphos_SwrCat,2022-06-09 00:00:00,14587.0,7.55,491.0,69.0,9.36,69.0,626.0
446,Paphos,Paphos_SwrCat,2022-06-13 00:00:00,15243.0,7.59,1011.0,64.0,13.53,64.0,636.0
447,Paphos,Paphos_SwrCat,2022-06-16 00:00:00,14842.0,7.4,834.0,66.0,11.58,53.7,534.0
448,Paphos,Paphos_SwrCat,2022-06-20 00:00:00,15444.0,7.44,689.0,77.0,7.38,59.5,579.0
449,Paphos,Paphos_SwrCat,2022-06-23 00:00:00,15092.0,7.52,1172.0,72.0,14.22,64.9,757.0
450,Paphos,Paphos_SwrCat,2022-06-27 00:00:00,15711.0,7.59,552.0,67.0,11.37,70.6,471.0
451,Paphos,Paphos_SwrCat,2022-06-30 00:00:00,15626.0,7.28,790.0,67.0,7.86,58.1,621.0
452,Paphos,Paphos_SwrCat,2022-07-04 00:00:00,15458.0,7.31,564.0,64.0,10.38,52.6,
453,Paphos,Paphos_SwrCat,2022-07-07 00:00:00,15460.0,7.81,561.0,60.0,11.52,63.1,
454,Paphos,Paphos_SwrCat,2022-07-11 00:00:00,16192.0,7.64,840.0,56.0,10.26,65.9,
455,Paphos,Paphos_SwrCat,2022-07-14 00:00:00,16206.0,7.5,590.0,68.0,10.29,62.0,672.0
456,Paphos,Paphos_SwrCat,2022-07-18 00:00:00,15396.0,7.53,548.0,64.0,9.06,61.6,515.0
457,Paphos,Paphos_SwrCat,2022-07-21 00:00:00,15602.0,7.59,592.0,84.0,9.6,63.8,638.0
458,Paphos,Paphos_SwrCat,2022-07-25 00:00:00,15861.0,7.61,644.0,78.0,11.4,65.9,560.0
459,Paphos,Paphos_SwrCat,2022-07-28 00:00:00,16534.0,7.59,659.0,52.0,10.68,62.4,627.0
460,Paphos,Paphos_SwrCat,2022-08-01 00:00:00,17134.0,7.62,682.0,58.0,7.65,60.9,757.0
461,Paphos,Paphos_SwrCat,2022-08-04 00:00:00,17545.0,7.42,482.0,64.0,9.72,54.2,753.0
462,Paphos,Paphos_SwrCat,2022-08-08 00:00:00,17962.0,7.43,392.0,78.0,8.97,50.9,560.0
463,Paphos,Paphos_SwrCat,2022-08-11 00:00:00,18538.0,7.43,542.0,76.0,10.77,52.6,521.0
464,Paphos,Paphos_SwrCat,2022-08-15 00:00:00,18215.0,7.52,642.0,73.0,10.95,69.4,574.0
465,Paphos,Paphos_SwrCat,2022-08-18 00:00:00,18813.0,7.53,398.0,67.0,9.81,55.4,703.0
466,Paphos,Paphos_SwrCat,2022-08-22 00:00:00,18407.0,7.53,512.0,59.0,8.73,58.0,588.0
467,Paphos,Paphos_SwrCat,2022-08-25 00:00:00,17437.0,7.61,669.0,66.0,10.98,50.3,620.0
468,Paphos,Paphos_SwrCat,2022-08-29 00:00:00,17514.0,7.62,425.0,72.0,10.95,56.1,560.0
469,Paralimni,Paralimni_SwrCat,2021-10-07 00:00:00,7518.0,6.75,715.0,61.0,10.32,,52.9
470,Paralimni,Paralimni_SwrCat,2021-10-14 00:00:00,7532.0,6.93,954.0,56.0,11.73,,52.1
471,Paralimni,Paralimni_SwrCat,2021-10-21 00:00:00,7528.0,6.78,712.0,61.0,9.75,,55.5
472,Paralimni,Paralimni_SwrCat,2021-10-28 00:00:00,6918.0,7.43,724.0,57.0,8.25,,52.5
473,Paralimni,Paralimni_SwrCat,2021-11-04 00:00:00,5241.0,7.42,633.0,62.0,11.82,,46.6
474,Paralimni,Paralimni_SwrCat,2021-11-11 00:00:00,4526.0,7.0,526.0,60.0,8.07,,75.1
475,Paralimni,Paralimni_SwrCat,2021-11-15 00:00:00,4508.0,6.7,1560.0,54.0,6.75,430.0,54.0
476,Paralimni,Paralimni_SwrCat,2021-11-18 00:00:00,4051.0,6.8,949.0,54.0,7.59,,53.3
477,Paralimni,Paralimni_SwrCat,2021-11-22 00:00:00,4056.0,7.2,659.0,49.0,6.15,210.0,54.7
478,Paralimni,Paralimni_SwrCat,2021-11-25 00:00:00,3859.0,7.13,439.0,48.0,5.82,,47.1
479,Paralimni,Paralimni_SwrCat,2021-11-29 00:00:00,4468.0,7.33,635.0,62.0,6.48,390.0,54.8
480,Paralimni,Paralimni_SwrCat,2021-12-02 00:00:00,3731.0,6.92,344.0,34.0,5.58,330.0,26.3
481,Paralimni,Paralimni_SwrCat,2021-12-06 00:00:00,3799.0,7.02,386.0,50.0,6.45,320.0,44.6
482,Paralimni,Paralimni_SwrCat,2021-12-09 00:00:00,5210.0,6.87,462.0,20.0,13.65,390.0,18.8
483,Paralimni,Paralimni_SwrCat,2021-12-13 00:00:00,4334.0,7.12,544.0,35.0,7.89,340.0,66.0
484,Paralimni,Paralimni_SwrCat,2021-12-16 00:00:00,4575.0,7.69,512.0,46.0,5.4,410.0,39.8
485,Paralimni,Paralimni_SwrCat,2021-12-20 00:00:00,6585.0,7.84,569.0,13.0,3.69,240.0,8.4
486,Paralimni,Paralimni_SwrCat,2021-12-23 00:00:00,4648.0,7.02,509.0,56.0,4.35,,59.0
487,Paralimni,Paralimni_SwrCat,2021-12-27 00:00:00,4415.0,7.24,347.0,39.0,5.61,360.0,61.4
488,Paralimni,Paralimni_SwrCat,2021-12-30 00:00:00,3643.0,7.46,312.0,48.0,3.36,280.0,50.4
489,Paralimni,Paralimni_SwrCat,2022-01-03 00:00:00,4220.0,7.12,535.0,49.0,7.59,410.0,49.8
490,Paralimni,Paralimni_SwrCat,2022-01-06 00:00:00,3845.0,7.16,458.0,54.0,5.88,400.0,55.5
491,Paralimni,Paralimni_SwrCat,2022-01-10 00:00:00,8680.0,7.43,349.0,56.0,5.82,460.0,56.2
492,Paralimni,Paralimni_SwrCat,2022-01-13 00:00:00,5078.0,6.8,298.0,32.0,4.74,440.0,48.4
493,Paralimni,Paralimni_SwrCat,2022-01-17 00:00:00,4151.0,6.86,351.0,24.0,8.25,380.0,54.2
494,Paralimni,Paralimni_SwrCat,2022-01-20 00:00:00,4317.0,6.69,181.0,52.0,6.87,400.0,44.5
495,Paralimni,Paralimni_SwrCat,2022-01-24 00:00:00,4908.0,6.84,195.0,32.0,5.52,390.0,41.0
496,Paralimni,Paralimni_SwrCat,2022-01-27 00:00:00,4645.0,7.24,155.0,34.0,8.88,,42.7
497,Paralimni,Paralimni_SwrCat,2022-01-31 00:00:00,6532.0,7.52,200.0,48.0,5.16,480.0,55.0
498,Paralimni,Paralimni_SwrCat,2022-02-03 00:00:00,4681.0,7.23,281.0,47.0,5.28,480.0,48.4
499,Paralimni,Paralimni_SwrCat,2022-02-07 00:00:00,4611.0,7.43,246.0,56.0,5.52,420.0,47.4
501,Paralimni,Paralimni_SwrCat,2022-02-14 00:00:00,4597.0,7.3,284.0,42.0,6.54,330.0,35.2
502,Paralimni,Paralimni_SwrCat,2022-02-17 00:00:00,4080.0,7.25,397.0,54.0,6.6,440.0,38.2
503,Paralimni,Paralimni_SwrCat,2022-02-21 00:00:00,4278.0,7.35,355.0,40.0,11.97,410.0,57.0
504,Paralimni,Paralimni_SwrCat,2022-02-24 00:00:00,4258.0,6.98,245.0,40.0,7.38,,36.8
505,Paralimni,Paralimni_SwrCat,2022-02-28 00:00:00,4504.0,7.12,219.0,42.0,8.88,,32.4
506,Paralimni,Paralimni_SwrCat,2022-03-03 00:00:00,4722.0,7.36,169.0,35.0,5.85,,55.3
444,Paphos,Paphos_SwrCat,2022-06-06 00:00:00,14884.0,7.3,548.0,69.0,9.81,,575.0
500,Paralimni,Paralimni_SwrCat,2022-02-10 00:00:00,4562.0,6.7,397.0,23.0,8.13,,36.4
507,Paralimni,Paralimni_SwrCat,2022-03-07 00:00:00,4070.0,7.44,443.0,49.0,11.16,,70.7
508,Paralimni,Paralimni_SwrCat,2022-03-10 00:00:00,4099.0,7.39,314.0,50.0,7.56,400.0,47.8
509,Paralimni,Paralimni_SwrCat,2022-03-14 00:00:00,3893.0,7.12,352.0,60.0,6.72,,48.9
510,Paralimni,Paralimni_SwrCat,2022-03-17 00:00:00,4996.0,6.74,257.0,64.0,5.94,390.0,56.6
511,Paralimni,Paralimni_SwrCat,2022-03-21 00:00:00,3999.0,7.04,322.0,52.0,5.49,,56.6
512,Paralimni,Paralimni_SwrCat,2022-03-24 00:00:00,4271.0,7.12,342.0,65.0,5.97,320.0,43.2
513,Paralimni,Paralimni_SwrCat,2022-03-28 00:00:00,4430.0,7.33,214.0,31.0,5.52,,31.2
514,Paralimni,Paralimni_SwrCat,2022-03-31 00:00:00,4578.0,7.22,246.0,52.0,6.84,,43.5
515,Paralimni,Paralimni_SwrCat,2022-04-04 00:00:00,4431.0,7.34,815.0,62.0,6.93,400.0,47.6
516,Paralimni,Paralimni_SwrCat,2022-04-07 00:00:00,4804.0,7.08,1172.0,36.0,7.17,430.0,50.5
517,Paralimni,Paralimni_SwrCat,2022-04-11 00:00:00,4793.0,7.15,993.0,24.0,6.36,410.0,54.0
518,Paralimni,Paralimni_SwrCat,2022-04-14 00:00:00,5307.0,7.29,1293.0,39.0,7.92,440.0,47.0
519,Paralimni,Paralimni_SwrCat,2022-04-18 00:00:00,5217.0,7.4,1014.0,42.0,8.61,460.0,54.2
520,Paralimni,Paralimni_SwrCat,2022-04-21 00:00:00,5986.0,7.24,1092.0,42.0,8.58,460.0,40.2
521,Paralimni,Paralimni_SwrCat,2022-04-25 00:00:00,5651.0,7.16,967.0,40.0,8.85,380.0,38.4
522,Paralimni,Paralimni_SwrCat,2022-04-28 00:00:00,5706.0,7.42,829.0,42.0,9.81,470.0,50.7
523,Paralimni,Paralimni_SwrCat,2022-05-02 00:00:00,5592.0,7.26,451.0,40.0,8.31,470.0,47.6
524,Paralimni,Paralimni_SwrCat,2022-05-05 00:00:00,5868.0,7.21,743.0,24.0,6.12,400.0,52.2
525,Paralimni,Paralimni_SwrCat,2022-05-09 00:00:00,6087.0,7.34,856.0,39.0,6.36,480.0,51.9
526,Paralimni,Paralimni_SwrCat,2022-05-12 00:00:00,6119.0,7.1,1078.0,51.0,10.17,435.0,69.1
527,Paralimni,Paralimni_SwrCat,2022-05-16 00:00:00,6125.0,7.31,982.0,59.0,9.42,440.0,65.4
528,Paralimni,Paralimni_SwrCat,2022-05-19 00:00:00,6321.0,7.08,537.0,51.0,9.03,410.0,56.8
529,Paralimni,Paralimni_SwrCat,2022-05-23 00:00:00,6899.0,7.17,932.0,55.0,7.59,460.0,62.6
530,Paralimni,Paralimni_SwrCat,2022-05-26 00:00:00,6817.0,7.31,499.0,56.0,,420.0,60.8
531,Paralimni,Paralimni_SwrCat,2022-05-30 00:00:00,7011.0,7.12,489.0,59.0,,430.0,64.7
532,Paralimni,Paralimni_SwrCat,2022-06-02 00:00:00,6962.0,7.02,499.0,61.0,8.37,430.0,59.3
533,Paralimni,Paralimni_SwrCat,2022-06-06 00:00:00,7141.0,7.16,778.0,67.0,9.27,420.0,72.9
534,Paralimni,Paralimni_SwrCat,2022-06-09 00:00:00,7142.0,6.86,704.0,64.0,7.77,440.0,51.9
535,Paralimni,Paralimni_SwrCat,2022-06-13 00:00:00,9173.0,7.13,594.0,67.0,10.68,380.0,68.5
536,Paralimni,Paralimni_SwrCat,2022-06-16 00:00:00,7288.0,7.16,517.0,67.0,12.69,390.0,66.2
537,Paralimni,Paralimni_SwrCat,2022-06-20 00:00:00,7527.0,7.0,1452.0,73.0,11.94,380.0,57.8
538,Paralimni,Paralimni_SwrCat,2022-06-23 00:00:00,7429.0,7.19,482.0,74.0,11.19,470.0,60.5
539,Paralimni,Paralimni_SwrCat,2022-06-27 00:00:00,7653.0,7.22,483.0,74.0,10.38,340.0,62.4
540,Paralimni,Paralimni_SwrCat,2022-06-30 00:00:00,7619.0,7.18,423.0,64.0,10.38,380.0,60.9
541,Paralimni,Paralimni_SwrCat,2022-07-04 00:00:00,7963.0,7.17,618.0,70.0,9.36,380.0,70.8
542,Paralimni,Paralimni_SwrCat,2022-07-07 00:00:00,7962.0,7.02,562.0,64.0,7.65,460.0,54.7
543,Paralimni,Paralimni_SwrCat,2022-07-11 00:00:00,8323.0,7.16,504.0,59.0,8.34,380.0,59.4
544,Paralimni,Paralimni_SwrCat,2022-07-14 00:00:00,8272.0,7.25,347.0,52.0,12.42,400.0,53.3
545,Paralimni,Paralimni_SwrCat,2022-07-18 00:00:00,8691.0,7.28,454.0,67.0,12.78,390.0,55.7
546,Paralimni,Paralimni_SwrCat,2022-07-21 00:00:00,8622.0,6.9,704.0,62.0,10.2,410.0,61.6
547,Paralimni,Paralimni_SwrCat,2022-07-25 00:00:00,9016.0,6.99,652.0,67.0,7.62,450.0,59.2
548,Paralimni,Paralimni_SwrCat,2022-07-28 00:00:00,9106.0,6.9,533.0,56.0,10.2,,47.6
549,Paralimni,Paralimni_SwrCat,2022-08-01 00:00:00,,6.85,570.0,62.0,8.58,,65.2
550,Paralimni,Paralimni_SwrCat,2022-08-04 00:00:00,,7.17,469.0,80.0,7.26,,56.5
551,Paralimni,Paralimni_SwrCat,2022-08-08 00:00:00,,7.19,480.0,56.0,6.69,,62.6
552,Paralimni,Paralimni_SwrCat,2022-08-11 00:00:00,,7.15,583.0,65.0,10.26,,70.2
553,Paralimni,Paralimni_SwrCat,2022-08-15 00:00:00,,7.26,442.0,70.0,8.58,,70.4
554,Paralimni,Paralimni_SwrCat,2022-08-18 00:00:00,,7.16,405.0,66.0,11.31,,65.5
555,Paralimni,Paralimni_SwrCat,2022-08-22 00:00:00,,7.22,392.0,64.0,8.25,,41.6
556,Paralimni,Paralimni_SwrCat,2022-08-25 00:00:00,,7.37,425.0,70.0,9.3,,60.0
557,Paralimni,Paralimni_SwrCat,2022-08-29 00:00:00,,7.29,469.0,69.0,9.93,,54.8
558,Ayia Napa,Ayia Napa_SwrCat,2021-10-07 00:00:00,5765.0,7.53,610.0,88.0,8.52,,75.6
559,Ayia Napa,Ayia Napa_SwrCat,2021-10-14 00:00:00,5930.0,7.38,629.0,82.0,8.16,,82.0
560,Ayia Napa,Ayia Napa_SwrCat,2021-10-21 00:00:00,5949.0,6.97,554.0,73.0,8.73,,66.2
561,Ayia Napa,Ayia Napa_SwrCat,2021-10-28 00:00:00,5311.0,6.89,724.0,86.0,10.23,,69.4
562,Ayia Napa,Ayia Napa_SwrCat,2021-11-04 00:00:00,4375.0,6.89,580.0,77.0,12.3,,51.6
563,Ayia Napa,Ayia Napa_SwrCat,2021-11-11 00:00:00,3762.0,7.1,636.0,56.0,7.23,,55.2
564,Ayia Napa,Ayia Napa_SwrCat,2021-11-15 00:00:00,2517.0,6.5,344.0,53.0,7.23,430.0,50.8
565,Ayia Napa,Ayia Napa_SwrCat,2021-11-18 00:00:00,2888.0,7.1,527.0,58.0,5.43,,49.8
566,Ayia Napa,Ayia Napa_SwrCat,2021-11-22 00:00:00,2646.0,7.1,349.0,46.0,5.94,210.0,47.9
567,Ayia Napa,Ayia Napa_SwrCat,2021-11-25 00:00:00,1816.0,7.28,363.0,43.0,5.07,,40.3
568,Ayia Napa,Ayia Napa_SwrCat,2021-11-29 00:00:00,2365.0,7.16,315.0,36.0,4.26,390.0,31.0
569,Ayia Napa,Ayia Napa_SwrCat,2021-12-02 00:00:00,1758.0,6.98,344.0,52.0,6.48,330.0,42.6
570,Ayia Napa,Ayia Napa_SwrCat,2021-12-06 00:00:00,1518.0,6.93,342.0,40.0,7.23,320.0,29.4
571,Ayia Napa,Ayia Napa_SwrCat,2021-12-09 00:00:00,1944.0,6.86,838.0,36.0,3.39,390.0,20.1
572,Ayia Napa,Ayia Napa_SwrCat,2021-12-13 00:00:00,1547.0,6.97,488.0,33.0,5.58,340.0,30.7
573,Ayia Napa,Ayia Napa_SwrCat,2021-12-16 00:00:00,1632.0,6.94,549.0,23.0,2.91,410.0,20.8
574,Ayia Napa,Ayia Napa_SwrCat,2021-12-20 00:00:00,2101.0,6.43,548.0,8.0,0.96,240.0,5.2
575,Ayia Napa,Ayia Napa_SwrCat,2021-12-23 00:00:00,1638.0,6.99,385.0,36.0,4.74,,41.3
576,Ayia Napa,Ayia Napa_SwrCat,2021-12-27 00:00:00,1452.0,6.9,354.0,42.0,4.77,360.0,46.3
577,Ayia Napa,Ayia Napa_SwrCat,2021-12-30 00:00:00,1356.0,6.9,213.0,22.0,4.86,280.0,39.7
578,Ayia Napa,Ayia Napa_SwrCat,2022-01-03 00:00:00,1393.0,6.93,328.0,21.0,4.86,410.0,34.0
579,Ayia Napa,Ayia Napa_SwrCat,2022-01-06 00:00:00,1161.0,7.04,290.0,44.0,3.99,400.0,44.3
580,Ayia Napa,Ayia Napa_SwrCat,2022-01-10 00:00:00,4206.0,7.25,306.0,48.0,5.22,460.0,45.7
581,Ayia Napa,Ayia Napa_SwrCat,2022-01-13 00:00:00,2433.0,6.42,245.0,41.0,3.36,440.0,34.4
582,Ayia Napa,Ayia Napa_SwrCat,2022-01-17 00:00:00,1390.0,6.35,175.0,40.0,3.72,380.0,20.9
583,Ayia Napa,Ayia Napa_SwrCat,2022-01-20 00:00:00,1932.0,7.01,302.0,24.0,4.56,400.0,22.8
584,Ayia Napa,Ayia Napa_SwrCat,2022-01-24 00:00:00,2296.0,6.72,240.0,32.0,4.17,390.0,24.7
585,Ayia Napa,Ayia Napa_SwrCat,2022-01-27 00:00:00,1173.0,7.06,214.0,26.0,2.07,,21.8
586,Ayia Napa,Ayia Napa_SwrCat,2022-01-31 00:00:00,2258.0,7.29,209.0,36.0,13.38,480.0,40.4
587,Ayia Napa,Ayia Napa_SwrCat,2022-02-03 00:00:00,2252.0,7.2,245.0,66.0,3.87,480.0,30.0
588,Ayia Napa,Ayia Napa_SwrCat,2022-02-07 00:00:00,2413.0,7.31,198.0,30.0,3.81,420.0,28.6
589,Ayia Napa,Ayia Napa_SwrCat,2022-02-10 00:00:00,2032.0,7.13,154.0,24.0,4.44,,22.4
590,Ayia Napa,Ayia Napa_SwrCat,2022-02-14 00:00:00,1544.0,7.18,419.0,29.0,3.93,330.0,26.8
591,Ayia Napa,Ayia Napa_SwrCat,2022-02-17 00:00:00,2261.0,7.1,289.0,38.0,5.22,440.0,29.0
592,Ayia Napa,Ayia Napa_SwrCat,2022-02-21 00:00:00,2167.0,7.19,275.0,29.0,5.43,410.0,27.9
593,Ayia Napa,Ayia Napa_SwrCat,2022-02-24 00:00:00,1674.0,7.14,184.0,26.0,5.76,,26.2
594,Ayia Napa,Ayia Napa_SwrCat,2022-02-28 00:00:00,2000.0,7.22,198.0,32.0,4.92,,28.4
595,Ayia Napa,Ayia Napa_SwrCat,2022-03-03 00:00:00,1639.0,7.25,258.0,29.0,4.2,,40.2
596,Ayia Napa,Ayia Napa_SwrCat,2022-03-07 00:00:00,1313.0,7.35,234.0,36.0,5.22,,56.0
597,Ayia Napa,Ayia Napa_SwrCat,2022-03-10 00:00:00,1537.0,6.83,313.0,41.0,3.93,400.0,28.7
598,Ayia Napa,Ayia Napa_SwrCat,2022-03-14 00:00:00,1134.0,7.17,405.0,43.0,5.28,,37.0
599,Ayia Napa,Ayia Napa_SwrCat,2022-03-17 00:00:00,1660.0,6.72,178.0,44.0,4.44,390.0,29.2
600,Ayia Napa,Ayia Napa_SwrCat,2022-03-21 00:00:00,1277.0,7.0,272.0,32.0,5.28,,34.4
601,Ayia Napa,Ayia Napa_SwrCat,2022-03-24 00:00:00,1792.0,6.85,194.0,42.0,4.68,320.0,36.4
602,Ayia Napa,Ayia Napa_SwrCat,2022-03-28 00:00:00,1668.0,6.59,286.0,29.0,4.44,,29.4
603,Ayia Napa,Ayia Napa_SwrCat,2022-03-31 00:00:00,2255.0,6.85,212.0,43.0,5.19,,26.1
604,Ayia Napa,Ayia Napa_SwrCat,2022-04-04 00:00:00,2359.0,6.79,815.0,44.0,6.27,400.0,30.5
605,Ayia Napa,Ayia Napa_SwrCat,2022-04-07 00:00:00,2832.0,7.19,1172.0,42.0,4.56,430.0,40.4
606,Ayia Napa,Ayia Napa_SwrCat,2022-04-11 00:00:00,3182.0,7.17,384.0,39.0,3.36,410.0,45.0
607,Ayia Napa,Ayia Napa_SwrCat,2022-04-14 00:00:00,3383.0,7.14,1109.0,24.0,7.68,440.0,69.7
608,Ayia Napa,Ayia Napa_SwrCat,2022-04-18 00:00:00,4367.0,7.11,905.0,32.0,6.72,460.0,61.6
609,Ayia Napa,Ayia Napa_SwrCat,2022-04-21 00:00:00,4176.0,7.22,356.0,23.0,7.17,460.0,41.4
610,Ayia Napa,Ayia Napa_SwrCat,2022-04-27 00:00:00,4288.0,6.99,329.0,32.0,7.68,380.0,36.9
611,Ayia Napa,Ayia Napa_SwrCat,2022-04-28 00:00:00,4086.0,7.14,608.0,32.0,7.89,470.0,58.6
612,Ayia Napa,Ayia Napa_SwrCat,2022-05-02 00:00:00,4394.0,7.52,495.0,39.0,6.6,470.0,55.9
613,Ayia Napa,Ayia Napa_SwrCat,2022-05-05 00:00:00,4677.0,6.97,846.0,45.0,5.67,400.0,52.5
614,Ayia Napa,Ayia Napa_SwrCat,2022-05-09 00:00:00,4622.0,7.04,682.0,29.0,3.42,480.0,61.4
615,Ayia Napa,Ayia Napa_SwrCat,2022-05-12 00:00:00,4841.0,7.21,495.0,59.0,7.77,435.0,52.2
616,Ayia Napa,Ayia Napa_SwrCat,2022-05-16 00:00:00,4976.0,7.45,812.0,64.0,6.15,440.0,53.6
617,Ayia Napa,Ayia Napa_SwrCat,2022-05-19 00:00:00,4995.0,7.24,896.0,69.0,7.86,410.0,68.1
618,Ayia Napa,Ayia Napa_SwrCat,2022-05-23 00:00:00,5741.0,7.55,1069.0,64.0,7.2,460.0,72.0
619,Ayia Napa,Ayia Napa_SwrCat,2022-05-26 00:00:00,5574.0,7.09,454.0,62.0,7.47,420.0,63.3
620,Ayia Napa,Ayia Napa_SwrCat,2022-05-30 00:00:00,5814.0,7.29,495.0,54.0,8.94,430.0,88.9
621,Ayia Napa,Ayia Napa_SwrCat,2022-06-02 00:00:00,5808.0,6.89,742.0,64.0,7.95,430.0,61.3
622,Ayia Napa,Ayia Napa_SwrCat,2022-06-06 00:00:00,6135.0,7.14,759.0,67.0,6.81,420.0,65.5
623,Ayia Napa,Ayia Napa_SwrCat,2022-06-09 00:00:00,6076.0,7.14,489.0,62.0,7.41,440.0,73.1
624,Ayia Napa,Ayia Napa_SwrCat,2022-06-13 00:00:00,7408.0,6.9,769.0,69.0,6.51,380.0,64.7
625,Ayia Napa,Ayia Napa_SwrCat,2022-06-16 00:00:00,6404.0,7.15,659.0,70.0,8.31,390.0,59.8
626,Ayia Napa,Ayia Napa_SwrCat,2022-06-20 00:00:00,6735.0,7.25,840.0,87.0,8.4,380.0,69.0
627,Ayia Napa,Ayia Napa_SwrCat,2022-06-23 00:00:00,6770.0,6.93,468.0,70.0,8.85,470.0,69.9
628,Ayia Napa,Ayia Napa_SwrCat,2022-06-27 00:00:00,7032.0,7.27,713.0,87.0,8.55,340.0,70.4
629,Ayia Napa,Ayia Napa_SwrCat,2022-06-30 00:00:00,7058.0,7.07,953.0,73.0,8.85,380.0,72.4
630,Ayia Napa,Ayia Napa_SwrCat,2022-07-04 00:00:00,7090.0,7.17,819.0,87.0,7.92,380.0,70.9
631,Ayia Napa,Ayia Napa_SwrCat,2022-07-07 00:00:00,7171.0,7.09,641.0,62.0,9.15,460.0,62.4
632,Ayia Napa,Ayia Napa_SwrCat,2022-07-11 00:00:00,7384.0,7.29,682.0,60.0,9.36,380.0,71.4
633,Ayia Napa,Ayia Napa_SwrCat,2022-07-14 00:00:00,7306.0,7.35,607.0,65.0,8.97,400.0,65.7
634,Ayia Napa,Ayia Napa_SwrCat,2022-07-18 00:00:00,7583.0,7.34,470.0,74.0,7.71,390.0,66.4
635,Ayia Napa,Ayia Napa_SwrCat,2022-07-21 00:00:00,7658.0,6.98,607.0,65.0,8.34,410.0,64.1
636,Ayia Napa,Ayia Napa_SwrCat,2022-07-25 00:00:00,7733.0,7.11,532.0,74.0,6.96,450.0,70.2
637,Ayia Napa,Ayia Napa_SwrCat,2022-07-28 00:00:00,7746.0,6.9,640.0,69.0,8.52,,75.9
638,Ayia Napa,Ayia Napa_SwrCat,2022-08-01 00:00:00,,7.1,478.0,70.0,6.96,,63.9
639,Ayia Napa,Ayia Napa_SwrCat,2022-08-04 00:00:00,,7.14,423.0,34.0,6.54,,68.6
640,Ayia Napa,Ayia Napa_SwrCat,2022-08-08 00:00:00,,7.28,453.0,62.0,6.36,,64.3
641,Ayia Napa,Ayia Napa_SwrCat,2022-08-11 00:00:00,,6.82,586.0,88.0,8.7,,66.9
642,Ayia Napa,Ayia Napa_SwrCat,2022-08-15 00:00:00,,7.08,454.0,64.0,9.3,,62.5
643,Ayia Napa,Ayia Napa_SwrCat,2022-08-18 00:00:00,,7.15,243.0,63.0,6.9,,41.6
644,Ayia Napa,Ayia Napa_SwrCat,2022-08-22 00:00:00,,7.26,418.0,67.0,7.59,,64.5
645,Ayia Napa,Ayia Napa_SwrCat,2022-08-25 00:00:00,,7.25,486.0,76.0,7.98,,20.0
646,Ayia Napa,Ayia Napa_SwrCat,2022-08-29 00:00:00,,7.28,585.0,79.0,7.86,,63.4
228,Larnaca,Larnaca_SwrCat,2022-02-28 00:00:00,10543.0,7.67,632.0,79.0,7.47,48.1,
70,Anthoupolis-B,Anthoupolis-B_SwrCat,2022-06-06 00:00:00,5407.0,7.86,806.0,91.0,11.13,130.0,
443,Paphos,Paphos_SwrCat,2022-06-02 00:00:00,14873.0,7.25,645.0,64.0,8.46,,515.0
