"id","sampleid","submited_datetime","datestart","dateend","notes","type","collection","location_id","loginname_id"
2,LAR_20012022,2022-02-01 15:44:19,2022-01-19,2022-01-20,,rawWW,cpTP24h,6,3
3,VAT_20012022,2022-02-01 15:48:35,2022-01-19,2022-01-20,,rawWW,cpTP24h,7,3
4,PAR_20012022,2022-02-01 15:53:53,2022-01-19,2022-01-20,,rawWW,cpTP24h,3,3
5,LAR_03022022,2022-02-10 13:04:54,2022-02-02,2022-02-03,Influent samples,rawWW,cpTP24h,6,2
6,LAR_28022022,2022-03-03 10:54:38,2022-02-27,2022-02-28,Influent samples,rawWW,cpTP24h,6,2
7,VAT_24022022,2022-03-03 10:57:28,2022-02-23,2022-02-24,Influent samples,rawWW,cpTP24h,7,2
8,PAF_28022022,2022-03-03 11:00:27,2022-02-27,2022-02-28,Influent samples,rawWW,cpTP24h,2,2
9,VAT_03022022,2022-02-10 13:11:04,2022-02-02,2022-02-03,Influent samples,rawWW,cpTP24h,7,2
10,PAR_03022022,2022-02-10 13:14:57,2022-02-02,2022-02-03,Influent samples,rawWW,cpTP24h,3,2
11,AYI_17012022,2022-01-25 18:46:47,2022-01-16,2022-01-17,,rawWW,cpTP24h,4,3
12,PAR_17012022,2022-01-25 18:42:32,2022-01-16,2022-01-17,,rawWW,cpTP24h,3,3
13,PAF_17012022,2022-01-25 18:35:54,2022-01-16,2022-01-17,,rawWW,cpTP24h,2,3
14,VAT_17012022,2022-01-25 18:21:35,2022-01-16,2022-01-17,,rawWW,cpTP24h,7,3
15,ANT_17012022,2022-01-25 18:15:13,2022-01-16,2022-01-17,,rawWW,cpTP24h,5,3
16,LIM_17012022,2022-01-25 17:43:46,2022-01-16,2022-01-17,,rawWW,cpTP24h,1,3
17,LIM_31012022,2022-02-11 11:27:43,2022-01-30,2022-01-31,Influent samples,rawWW,cpTP24h,1,2
18,ANT_27012022,2022-02-11 11:31:50,2022-01-26,2022-01-27,Influent samples,rawWW,cpTP24h,5,2
19,VAT_31012022,2022-02-11 11:37:32,2022-01-30,2022-01-31,Influent samples,rawWW,cpTP24h,7,2
20,PAR_27012022,2022-02-11 11:46:07,2022-01-26,2022-01-27,Influent samples,rawWW,cpTP24h,3,2
21,AYI_31012022,2022-02-11 11:49:19,2022-01-30,2022-01-31,Influent samples,rawWW,cpTP24h,4,2
22,LAR_10022022,2022-02-18 10:47:40,2022-02-09,2022-02-10,Influent samples,rawWW,cpTP24h,6,2
23,ANT_14022022,2022-02-18 10:50:47,2022-02-13,2022-02-14,Influent samples,rawWW,cpTP24h,5,2
24,PAF_10022022,2022-02-18 10:54:00,2022-02-09,2022-02-10,Influent samples,rawWW,cpTP24h,2,2
25,PAR_14022022,2022-02-18 10:56:30,2022-02-13,2022-02-14,Influent samples,rawWW,cpTP24h,3,2
26,LAR_17022022,2022-02-24 11:05:33,2022-02-16,2022-02-17,Influent samples,rawWW,cpTP24h,6,2
27,ANT_22022022,2022-02-24 11:08:48,2022-02-21,2022-02-22,Influent samples,rawWW,cpTP24h,5,2
28,PAF_17022022,2022-02-24 11:18:28,2022-02-16,2022-02-17,Influent samples,rawWW,cpTP24h,2,2
29,PAR_17022022,2022-02-24 11:27:53,2022-02-16,2022-02-17,Influent samples,rawWW,cpTP24h,3,2
30,AYI_17022022,2022-02-24 11:45:09,2022-02-16,2022-02-17,Influent samples,rawWW,cpTP24h,4,2
31,PAF_21032022,2022-03-24 16:20:58,2022-03-20,2022-03-21,Influent samples,rawWW,cpTP24h,2,2
32,LIM_24022022,2022-03-03 10:50:15,2022-02-23,2022-02-24,Influent samples,rawWW,cpTP24h,1,2
33,AYI_24022022,2022-03-03 11:03:49,2022-02-23,2022-02-24,Influent samples,rawWW,cpTP24h,4,2
34,LAR_03032022,2022-03-11 11:50:42,2022-03-02,2022-03-03,Influent samples,rawWW,cpTP24h,6,2
35,VAT_03032022,2022-03-11 12:09:48,2022-03-02,2022-03-03,Influent samples,rawWW,cpTP24h,7,2
36,PAF_08032022,2022-03-11 12:12:44,2022-03-07,2022-03-08,Influent samples,rawWW,cpTP24h,2,2
37,AYI_03032022,2022-03-11 12:16:52,2022-03-02,2022-03-03,Influent samples,rawWW,cpTP24h,4,2
38,LAR_10032022,2022-03-18 14:48:23,2022-03-09,2022-03-10,Influent samples,rawWW,cpTP24h,6,2
39,ANT_14032022,2022-03-18 14:50:44,2022-03-13,2022-03-14,Influent samples,rawWW,cpTP24h,5,2
40,PAF_10032022,2022-03-18 14:52:54,2022-03-09,2022-03-10,Influent samples,rawWW,cpTP24h,2,2
41,PAR_14032022,2022-03-18 14:56:44,2022-03-13,2022-03-14,Influent samples,rawWW,cpTP24h,3,2
42,AYI_14032022,2022-03-18 14:58:26,2022-03-13,2022-03-14,Influent samples,rawWW,cpTP24h,4,2
43,LIM_21032022,2022-03-24 16:15:20,2022-03-20,2022-03-21,Influent samples,rawWW,cpTP24h,1,2
44,LAR_21032022,2022-03-24 16:16:35,2022-03-20,2022-03-21,Influent samples,rawWW,cpTP24h,6,2
45,ANT_21032022,2022-03-24 16:17:51,2022-03-20,2022-03-21,Influent samples,rawWW,cpTP24h,5,2
46,VAT_21032022,2022-03-24 16:19:14,2022-03-20,2022-03-21,Influent samples,rawWW,cpTP24h,7,2
47,PAR_21032022,2022-03-24 16:22:18,2022-03-20,2022-03-21,Influent samples,rawWW,cpTP24h,3,2
48,AYI_17032022,2022-03-24 16:22:57,2022-03-16,2022-03-17,Influent samples,rawWW,cpTP24h,4,2
49,AYI_21032022,2022-03-24 16:23:35,2022-03-20,2022-03-21,Influent samples,rawWW,cpTP24h,4,2
52,LAR_24032022,2022-03-31 16:03:03,2022-03-23,2022-03-24,Influent samples,rawWW,cpTP24h,6,2
53,LAR_28032022,2022-03-31 16:03:48,2022-03-27,2022-03-28,Influent samples,rawWW,cpTP24h,6,2
54,ANT_24032022,2022-03-31 16:04:37,2022-03-23,2022-03-24,Influent samples,rawWW,cpTP24h,5,2
55,LAR_24012022,2022-02-01 15:45:09,2022-01-23,2022-01-24,,rawWW,cpTP24h,6,3
56,VAT_24012022,2022-02-01 15:49:02,2022-01-23,2022-01-24,,rawWW,cpTP24h,7,3
57,PAR_24012022,2022-02-01 15:54:21,2022-01-23,2022-01-24,,rawWW,cpTP24h,3,3
58,LAR_07022022,2022-02-10 13:06:30,2022-02-06,2022-02-07,Influent samples,rawWW,cpTP24h,6,2
59,AYI_28022022,2022-03-03 11:04:38,2022-02-27,2022-02-28,Influent samples,rawWW,cpTP24h,4,2
60,VAT_07022022,2022-02-10 13:11:57,2022-02-06,2022-02-07,Influent samples,rawWW,cpTP24h,7,2
61,ANT_11112021,2021-11-11 00:00:00,2021-11-10,2021-11-11,"",rawWW,cpTP24h,5,
62,PAR_07022022,2022-02-10 13:15:55,2022-02-06,2022-02-07,Influent samples,rawWW,cpTP24h,3,2
63,LIM_06012022,2022-01-25 17:35:24,2022-01-05,2022-01-06,,rawWW,cpTP24h,1,3
64,AYI_06012022,2022-01-25 18:44:51,2022-01-05,2022-01-06,,rawWW,cpTP24h,4,3
65,PAR_06012022,2022-01-25 18:40:08,2022-01-05,2022-01-06,,rawWW,cpTP24h,3,3
66,PAF_06012022,2022-01-25 18:33:43,2022-01-05,2022-01-06,,rawWW,cpTP24h,2,3
67,VAT_06012022,2022-01-25 18:18:58,2022-01-05,2022-01-06,,rawWW,cpTP24h,7,3
68,ANT_06012022,2022-01-25 18:12:17,2022-01-05,2022-01-06,,rawWW,cpTP24h,5,3
69,LAR_13012022,2022-01-25 18:00:15,2022-01-12,2022-01-13,,rawWW,cpTP24h,6,3
70,LAR_27012022,2022-02-11 11:28:51,2022-01-26,2022-01-27,Influent samples,rawWW,cpTP24h,6,2
71,ANT_31012022,2022-02-11 11:32:45,2022-01-30,2022-01-31,Influent samples,rawWW,cpTP24h,5,2
72,PAF_27012022,2022-02-11 11:43:54,2022-01-26,2022-01-27,Influent samples,rawWW,cpTP24h,2,2
73,LIM_24012022,2022-02-01 15:42:34,2022-01-23,2022-01-24,,rawWW,cpTP24h,1,3
74,PAR_31012022,2022-02-11 11:47:02,2022-01-30,2022-01-31,Influent samples,rawWW,cpTP24h,3,2
75,LIM_10022022,2022-02-18 10:42:19,2022-02-09,2022-02-10,Influent samples,rawWW,cpTP24h,1,2
76,LAR_14022022,2022-02-18 10:48:40,2022-02-13,2022-02-14,Influent samples,rawWW,cpTP24h,6,2
77,VAT_10022022,2022-02-18 10:52:07,2022-02-09,2022-02-10,Influent samples,rawWW,cpTP24h,7,2
78,PAF_14022022,2022-02-18 10:54:47,2022-02-13,2022-02-14,Influent samples,rawWW,cpTP24h,2,2
51,LIM_28032022,2022-03-31 16:02:14,2022-03-27,2022-03-28,Influent samples,rawWW,cpTP24h,1,6
79,AYI_10022022,2022-02-18 10:57:21,2022-02-09,2022-02-10,Influent samples,rawWW,cpTP24h,4,2
80,LIM_17022022,2022-02-24 11:03:50,2022-02-16,2022-02-17,Influent samples,rawWW,cpTP24h,1,2
81,LAR_21022022,2022-02-24 11:06:20,2022-02-20,2022-02-21,Influent samples,rawWW,cpTP24h,6,2
82,VAT_17022022,2022-02-24 11:10:55,2022-02-16,2022-02-17,Influent samples,rawWW,cpTP24h,7,2
83,PAF_21022022,2022-02-24 11:23:37,2022-02-20,2022-02-21,Influent samples,rawWW,cpTP24h,2,2
84,PAR_21022022,2022-02-24 11:28:37,2022-02-20,2022-02-21,Influent samples,rawWW,cpTP24h,3,2
85,PAR_28102021,2022-03-08 12:31:52,2021-10-27,2021-10-28,Influent samples,rawWW,cpTP24h,3,2
86,ANT_22122021,2022-02-28 16:24:06,2021-12-21,2021-12-22,Influent samples,rawWW,cpTP24h,5,2
87,LIM_03032022,2022-03-11 11:48:40,2022-03-02,2022-03-03,Influent samples,rawWW,cpTP24h,1,2
88,PAF_14032022,2022-03-18 14:53:32,2022-03-13,2022-03-14,Influent samples,rawWW,cpTP24h,2,2
89,LIM_28022022,2022-03-03 10:51:08,2022-02-27,2022-02-28,Influent samples,rawWW,cpTP24h,1,2
90,ANT_24022022,2022-03-03 10:55:39,2022-02-23,2022-02-24,Influent samples,rawWW,cpTP24h,5,2
91,VAT_28022022,2022-03-03 10:58:13,2022-02-27,2022-02-28,Influent samples,rawWW,cpTP24h,7,2
92,PAR_24022022,2022-03-03 11:01:35,2022-02-23,2022-02-24,Influent samples,rawWW,cpTP24h,3,2
93,LAR_07032022,2022-03-11 11:51:49,2022-03-06,2022-03-07,Influent samples,rawWW,cpTP24h,6,2
94,ANT_03032022,2022-03-11 12:06:33,2022-03-02,2022-03-03,Influent samples,rawWW,cpTP24h,5,2
95,VAT_07032022,2022-03-11 12:10:41,2022-03-06,2022-03-07,Influent samples,rawWW,cpTP24h,7,2
96,PAR_03032022,2022-03-11 12:13:52,2022-03-02,2022-03-03,Influent samples,rawWW,cpTP24h,3,2
97,AYI_08032022,2022-03-11 12:17:39,2022-03-07,2022-03-08,Influent samples,rawWW,cpTP24h,4,2
98,LIM_10032022,2022-03-18 14:35:42,2022-03-09,2022-03-10,Influent samples,rawWW,cpTP24h,1,2
99,LAR_14032022,2022-03-18 14:49:06,2022-03-13,2022-03-14,Influent samples,rawWW,cpTP24h,6,2
100,VAT_10032022,2022-03-18 14:51:30,2022-03-09,2022-03-10,Influent samples,rawWW,cpTP24h,7,2
101,AYI_10032022,2022-03-18 14:57:36,2022-03-09,2022-03-10,Influent samples,rawWW,cpTP24h,4,2
102,LIM_17032022,2022-03-24 16:14:35,2022-03-16,2022-03-17,Influent samples,rawWW,cpTP24h,1,2
103,LAR_17032022,2022-03-24 16:16:00,2022-03-16,2022-03-17,Influent samples,rawWW,cpTP24h,6,2
104,ANT_17032022,2022-03-24 16:17:17,2022-03-16,2022-03-17,Influent samples,rawWW,cpTP24h,5,2
105,VAT_17032022,2022-03-24 16:18:32,2022-03-16,2022-03-17,Influent samples,rawWW,cpTP24h,7,2
106,PAF_17032022,2022-03-24 16:20:16,2022-03-16,2022-03-17,Influent samples,rawWW,cpTP24h,2,2
107,PAR_17032022,2022-03-24 16:21:42,2022-03-16,2022-03-17,Influent samples,rawWW,cpTP24h,3,2
108,ANT_20012022,2022-02-01 15:46:58,2022-01-19,2022-01-20,,rawWW,cpTP24h,5,3
109,PAF_20012022,2022-02-01 15:52:30,2022-01-19,2022-01-20,,rawWW,cpTP24h,2,3
110,AYI_14022022,2022-02-18 10:58:10,2022-02-13,2022-02-14,Influent samples,rawWW,cpTP24h,4,2
111,LIM_21022022,2022-02-24 11:04:41,2022-02-20,2022-02-21,Influent samples,rawWW,cpTP24h,1,2
112,ANT_21022022,2022-02-24 11:07:14,2022-02-20,2022-02-21,Influent samples,rawWW,cpTP24h,5,2
113,PAF_18102021,2021-10-18 00:00:00,2021-10-17,2021-10-18,"",rawWW,cpTP24h,2,
114,VAT_21022022,2022-02-24 11:12:32,2022-02-20,2022-02-21,Influent samples,rawWW,cpTP24h,7,2
115,AYI_20012022,2022-02-01 15:55:35,2022-01-19,2022-01-20,,rawWW,cpTP24h,4,3
116,ANT_07022022,2022-02-10 13:08:37,2022-02-06,2022-02-07,Influent samples,rawWW,cpTP24h,5,2
117,PAF_03022022,2022-02-10 13:13:12,2022-02-02,2022-02-03,Influent samples,rawWW,cpTP24h,2,2
118,AYI_03022022,2022-02-10 13:18:11,2022-02-02,2022-02-03,Influent samples,rawWW,cpTP24h,4,2
119,LIM_10012022,2022-01-25 17:41:46,2022-01-09,2022-01-10,,rawWW,cpTP24h,1,3
120,AYI_10012022,2022-01-25 18:45:34,2022-01-09,2022-01-10,,rawWW,cpTP24h,4,3
121,ANT_10012022,2022-01-25 18:13:03,2022-01-09,2022-01-10,,rawWW,cpTP24h,5,3
122,PAF_10012022,2022-01-25 18:34:22,2022-01-09,2022-01-10,,rawWW,cpTP24h,2,3
123,VAT_10012022,2022-01-25 18:19:53,2022-01-09,2022-01-10,,rawWW,cpTP24h,7,3
124,PAR_13012022,2022-01-25 18:41:01,2022-01-12,2022-01-13,,rawWW,cpTP24h,3,3
125,LAR_17012022,2022-01-25 18:00:59,2022-01-16,2022-01-17,,rawWW,cpTP24h,6,3
126,LAR_31012022,2022-02-11 11:29:54,2022-01-30,2022-01-31,Influent samples,rawWW,cpTP24h,6,2
127,VAT_27012022,2022-02-11 11:36:34,2022-01-26,2022-01-27,Influent samples,rawWW,cpTP24h,7,2
128,PAF_31012022,2022-02-11 11:44:49,2022-01-30,2022-01-31,Influent samples,rawWW,cpTP24h,2,2
129,AYI_27012022,2022-02-11 11:47:52,2022-01-26,2022-01-27,Influent samples,rawWW,cpTP24h,4,2
130,LIM_14022022,2022-02-18 10:43:03,2022-02-13,2022-02-14,Influent samples,rawWW,cpTP24h,1,2
131,ANT_10022022,2022-02-18 10:49:49,2022-02-09,2022-02-10,Influent samples,rawWW,cpTP24h,5,2
132,VAT_14022022,2022-02-18 10:52:58,2022-02-13,2022-02-14,Influent samples,rawWW,cpTP24h,7,2
133,PAR_10022022,2022-02-18 10:55:32,2022-02-09,2022-02-10,Influent samples,rawWW,cpTP24h,3,2
134,LAR_07102021,2021-10-07 00:00:00,2021-10-06,2021-10-07,None,rawWW,cpTP24h,6,
135,LIM_07102021,2021-10-07 00:00:00,2021-10-06,2021-10-07,"",rawWW,cpTP24h,1,
136,PAF_07102021,2021-10-07 00:00:00,2021-10-06,2021-10-07,"",rawWW,cpTP24h,2,
137,ANT_07102021,2021-10-07 00:00:00,2021-10-06,2021-10-07,"",rawWW,cpTP24h,5,
138,VAT_07102021,2021-10-07 00:00:00,2021-10-06,2021-10-07,"",rawWW,cpTP24h,7,
139,AYI_07102021,2021-10-07 00:00:00,2021-10-06,2021-10-07,"",rawWW,cpTP24h,4,
140,PAR_07102021,2021-10-07 00:00:00,2021-10-06,2021-10-07,"",rawWW,cpTP24h,3,
141,LAR_11102021,2021-10-11 00:00:00,2021-10-10,2021-10-11,None,rawWW,cpTP24h,6,
142,LIM_11102021,2021-10-11 00:00:00,2021-10-10,2021-10-11,"",rawWW,cpTP24h,1,
143,PAF_11102021,2021-10-11 00:00:00,2021-10-10,2021-10-11,"",rawWW,cpTP24h,2,
144,ANT_11102021,2021-10-11 00:00:00,2021-10-10,2021-10-11,"",rawWW,cpTP24h,5,
145,VAT_11102021,2021-10-11 00:00:00,2021-10-10,2021-10-11,"",rawWW,cpTP24h,7,
146,LAR_14102021,2021-10-14 00:00:00,2021-10-13,2021-10-14,None,rawWW,cpTP24h,6,
147,AYI_21022022,2022-02-24 11:36:29,2022-02-20,2022-02-21,Influent samples,rawWW,cpTP24h,4,2
148,LAR_24022022,2022-03-03 10:53:48,2022-02-23,2022-02-24,Influent samples,rawWW,cpTP24h,6,2
149,ANT_28022022,2022-03-03 10:56:23,2022-02-27,2022-02-28,Influent samples,rawWW,cpTP24h,5,2
150,PAF_24022022,2022-03-03 10:58:55,2022-02-23,2022-02-24,Influent samples,rawWW,cpTP24h,2,2
151,PAR_28022022,2022-03-03 11:02:43,2022-02-27,2022-02-28,Influent samples,rawWW,cpTP24h,3,2
152,AYI_28102021,2022-03-03 11:22:23,2021-10-27,2021-10-28,Influent samples,rawWW,cpTP24h,4,2
153,PAR_18102021,2022-03-08 12:40:36,2021-10-17,2021-10-18,Influent samples,rawWW,cpTP24h,3,2
154,LIM_07032022,2022-03-11 11:49:41,2022-03-06,2022-03-07,Influent samples,rawWW,cpTP24h,1,2
155,ANT_08032022,2022-03-11 12:07:44,2022-03-07,2022-03-08,Influent samples,rawWW,cpTP24h,5,2
156,PAF_03032022,2022-03-11 12:11:51,2022-03-02,2022-03-03,Influent samples,rawWW,cpTP24h,2,2
157,PAR_08032022,2022-03-11 12:15:06,2022-03-07,2022-03-08,Influent samples,rawWW,cpTP24h,3,2
158,LIM_14032022,2022-03-18 14:36:46,2022-03-13,2022-03-14,Influent samples,rawWW,cpTP24h,1,2
159,ANT_10032022,2022-03-18 14:49:45,2022-03-09,2022-03-10,Influent samples,rawWW,cpTP24h,5,2
160,VAT_14032022,2022-03-18 14:52:15,2022-03-13,2022-03-14,Influent samples,rawWW,cpTP24h,7,2
161,PAR_10032022,2022-03-18 14:56:13,2022-03-09,2022-03-10,Influent samples,rawWW,cpTP24h,3,2
162,LIM_14102021,2021-10-14 00:00:00,2021-10-13,2021-10-14,"",rawWW,cpTP24h,1,
163,PAF_14102021,2021-10-14 00:00:00,2021-10-13,2021-10-14,"",rawWW,cpTP24h,2,
164,ANT_14102021,2021-10-14 00:00:00,2021-10-13,2021-10-14,"",rawWW,cpTP24h,5,
165,VAT_14102021,2021-10-14 00:00:00,2021-10-13,2021-10-14,"",rawWW,cpTP24h,7,
166,AYI_14102021,2021-10-14 00:00:00,2021-10-13,2021-10-14,"",rawWW,cpTP24h,4,
167,PAR_14102021,2021-10-14 00:00:00,2021-10-13,2021-10-14,"",rawWW,cpTP24h,3,
168,LAR_18102021,2021-10-18 00:00:00,2021-10-17,2021-10-18,None,rawWW,cpTP24h,6,
169,LIM_18102021,2021-10-18 00:00:00,2021-10-17,2021-10-18,"",rawWW,cpTP24h,1,
170,ANT_18102021,2021-10-18 00:00:00,2021-10-17,2021-10-18,"",rawWW,cpTP24h,5,
171,VAT_18102021,2021-10-18 00:00:00,2021-10-17,2021-10-18,"",rawWW,cpTP24h,7,
172,LAR_21102021,2021-10-21 00:00:00,2021-10-20,2021-10-21,None,rawWW,cpTP24h,6,
173,LIM_21102021,2021-10-21 00:00:00,2021-10-20,2021-10-21,"",rawWW,cpTP24h,1,
174,PAF_21102021,2021-10-21 00:00:00,2021-10-20,2021-10-21,"",rawWW,cpTP24h,2,
175,ANT_21102021,2021-10-21 00:00:00,2021-10-20,2021-10-21,"",rawWW,cpTP24h,5,
176,VAT_21102021,2021-10-21 00:00:00,2021-10-20,2021-10-21,"",rawWW,cpTP24h,7,
177,AYI_21102021,2021-10-21 00:00:00,2021-10-20,2021-10-21,"",rawWW,cpTP24h,4,
178,PAR_21102021,2021-10-21 00:00:00,2021-10-20,2021-10-21,"",rawWW,cpTP24h,3,
179,LAR_25102021,2021-10-25 00:00:00,2021-10-24,2021-10-25,None,rawWW,cpTP24h,6,
180,LIM_25102021,2021-10-25 00:00:00,2021-10-24,2021-10-25,"",rawWW,cpTP24h,1,
181,PAF_25102021,2021-10-25 00:00:00,2021-10-24,2021-10-25,"",rawWW,cpTP24h,2,
182,ANT_25102021,2021-10-25 00:00:00,2021-10-24,2021-10-25,"",rawWW,cpTP24h,5,
183,VAT_25102021,2021-10-25 00:00:00,2021-10-24,2021-10-25,"",rawWW,cpTP24h,7,
184,LAR_28102021,2021-10-28 00:00:00,2021-10-27,2021-10-28,None,rawWW,cpTP24h,6,
185,LIM_28102021,2021-10-28 00:00:00,2021-10-27,2021-10-28,"",rawWW,cpTP24h,1,
186,PAF_28102021,2021-10-28 00:00:00,2021-10-27,2021-10-28,"",rawWW,cpTP24h,2,
187,ANT_28102021,2021-10-28 00:00:00,2021-10-27,2021-10-28,"",rawWW,cpTP24h,5,
188,VAT_28102021,2021-10-28 00:00:00,2021-10-27,2021-10-28,"",rawWW,cpTP24h,7,
189,LAR_01112021,2021-11-01 00:00:00,2021-10-31,2021-11-01,None,rawWW,cpTP24h,6,
190,LIM_01112021,2021-11-01 00:00:00,2021-10-31,2021-11-01,"",rawWW,cpTP24h,1,
191,PAF_01112021,2021-11-01 00:00:00,2021-10-31,2021-11-01,"",rawWW,cpTP24h,2,
192,ANT_01112021,2021-11-01 00:00:00,2021-10-31,2021-11-01,"",rawWW,cpTP24h,5,
193,VAT_01112021,2021-11-01 00:00:00,2021-10-31,2021-11-01,"",rawWW,cpTP24h,7,
194,ANT_04112021,2021-11-04 00:00:00,2021-11-03,2021-11-04,"",rawWW,cpTP24h,5,
195,LIM_04112021,2021-11-04 00:00:00,2021-11-03,2021-11-04,"",rawWW,cpTP24h,1,
196,PAF_04112021,2021-11-04 00:00:00,2021-11-03,2021-11-04,"",rawWW,cpTP24h,2,
197,PAR_04112021,2021-11-04 00:00:00,2021-11-03,2021-11-04,"",rawWW,cpTP24h,3,
198,AYI_04112021,2021-11-04 00:00:00,2021-11-03,2021-11-04,"",rawWW,cpTP24h,4,
199,LAR_04112021,2021-11-04 00:00:00,2021-11-03,2021-11-04,"",rawWW,cpTP24h,6,
200,VAT_04112021,2021-11-04 00:00:00,2021-11-03,2021-11-04,"",rawWW,cpTP24h,7,
201,LIM_08112021,2021-11-08 00:00:00,2021-11-07,2021-11-08,"",rawWW,cpTP24h,1,
202,PAF_08112021,2021-11-08 00:00:00,2021-11-07,2021-11-08,"",rawWW,cpTP24h,2,
203,LAR_08112021,2021-11-08 00:00:00,2021-11-07,2021-11-08,"",rawWW,cpTP24h,6,
204,VAT_08112021,2021-11-08 00:00:00,2021-11-07,2021-11-08,"",rawWW,cpTP24h,7,
205,LIM_11112021,2021-11-11 00:00:00,2021-11-10,2021-11-11,"",rawWW,cpTP24h,1,
206,PAF_11112021,2021-11-11 00:00:00,2021-11-10,2021-11-11,"",rawWW,cpTP24h,2,
207,PAR_11112021,2021-11-11 00:00:00,2021-11-10,2021-11-11,"",rawWW,cpTP24h,3,
208,AYI_11112021,2021-11-11 00:00:00,2021-11-10,2021-11-11,"",rawWW,cpTP24h,4,
209,LAR_11112021,2021-11-11 00:00:00,2021-11-10,2021-11-11,"",rawWW,cpTP24h,6,
210,VAT_11112021,2021-11-11 00:00:00,2021-11-10,2021-11-11,"",rawWW,cpTP24h,7,
211,ANT_15112021,2021-11-15 00:00:00,2021-11-14,2021-11-15,"",rawWW,cpTP24h,5,
212,VAT_15112021,2021-11-15 00:00:00,2021-11-14,2021-11-15,"",rawWW,cpTP24h,7,
213,AYI_15112021,2021-11-15 00:00:00,2021-11-14,2021-11-15,"",rawWW,cpTP24h,4,
214,PAR_15112021,2021-11-15 00:00:00,2021-11-14,2021-11-15,"",rawWW,cpTP24h,3,
215,ANT_08112021,2021-11-08 00:00:00,2021-11-07,2021-11-08,"",rawWW,cpTP24h,5,
216,LAR_15112021,2021-11-15 00:00:00,2021-11-14,2021-11-15,"",rawWW,cpTP24h,6,
217,LIM_15112021,2021-11-15 00:00:00,2021-11-14,2021-11-15,"",rawWW,cpTP24h,1,
218,PAF_15112021,2021-11-15 00:00:00,2021-11-14,2021-11-15,"",rawWW,cpTP24h,2,
219,ANT_18112021,2021-11-18 00:00:00,2021-11-17,2021-11-18,"",rawWW,cpTP24h,5,
220,VAT_18112021,2021-11-18 00:00:00,2021-11-17,2021-11-18,"",rawWW,cpTP24h,7,
221,AYI_18112021,2021-11-18 00:00:00,2021-11-17,2021-11-18,"",rawWW,cpTP24h,4,
222,PAR_18112021,2021-11-18 00:00:00,2021-11-17,2021-11-18,"",rawWW,cpTP24h,3,
223,LAR_18112021,2021-11-18 00:00:00,2021-11-17,2021-11-18,"",rawWW,cpTP24h,6,
224,LIM_18112021,2021-11-18 00:00:00,2021-11-17,2021-11-18,"",rawWW,cpTP24h,1,
225,PAF_18112021,2021-11-18 00:00:00,2021-11-17,2021-11-18,"",rawWW,cpTP24h,2,
226,VAT_22112021,2021-11-22 00:00:00,2021-11-21,2021-11-22,"",rawWW,cpTP24h,7,
227,AYI_22112021,2021-11-22 00:00:00,2021-11-21,2021-11-22,"",rawWW,cpTP24h,4,
228,PAR_22112021,2021-11-22 00:00:00,2021-11-21,2021-11-22,"",rawWW,cpTP24h,3,
229,LAR_22112021,2021-11-22 00:00:00,2021-11-21,2021-11-22,"",rawWW,cpTP24h,6,
230,LIM_22112021,2021-11-22 00:00:00,2021-11-21,2021-11-22,"",rawWW,cpTP24h,1,
231,PAF_22112021,2021-11-22 00:00:00,2021-11-21,2021-11-22,"",rawWW,cpTP24h,2,
232,ANT_22112021,2021-11-22 00:00:00,2021-11-21,2021-11-22,"",rawWW,cpTP24h,5,
233,VAT_25112021,2021-11-25 00:00:00,2021-11-24,2021-11-25,"",rawWW,cpTP24h,7,
234,AYI_25112021,2021-11-25 00:00:00,2021-11-24,2021-11-25,"",rawWW,cpTP24h,4,
235,PAR_25112021,2021-11-25 00:00:00,2021-11-24,2021-11-25,"",rawWW,cpTP24h,3,
236,LAR_25112021,2021-11-25 00:00:00,2021-11-24,2021-11-25,"",rawWW,cpTP24h,6,
237,LIM_25112021,2021-11-25 00:00:00,2021-11-24,2021-11-25,"",rawWW,cpTP24h,1,
238,PAF_25112021,2021-11-25 00:00:00,2021-11-24,2021-11-25,"",rawWW,cpTP24h,2,
239,ANT_25112021,2021-11-25 00:00:00,2021-11-24,2021-11-25,"",rawWW,cpTP24h,5,
240,VAT_29112021,2021-11-29 00:00:00,2021-11-28,2021-11-29,"",rawWW,cpTP24h,7,
241,AYI_29112021,2021-11-29 00:00:00,2021-11-28,2021-11-29,"",rawWW,cpTP24h,4,
242,PAR_29112021,2021-11-29 00:00:00,2021-11-28,2021-11-29,"",rawWW,cpTP24h,3,
243,LAR_29112021,2021-11-29 00:00:00,2021-11-28,2021-11-29,"",rawWW,cpTP24h,6,
244,LIM_29112021,2021-11-29 00:00:00,2021-11-28,2021-11-29,"",rawWW,cpTP24h,1,
245,PAF_29112021,2021-11-29 00:00:00,2021-11-28,2021-11-29,"",rawWW,cpTP24h,2,
246,ANT_29112021,2021-11-29 00:00:00,2021-11-28,2021-11-29,"",rawWW,cpTP24h,5,
247,VAT_02122021,2021-12-02 00:00:00,2021-12-01,2021-12-02,"",rawWW,cpTP24h,7,
248,AYI_02122021,2021-12-02 00:00:00,2021-12-01,2021-12-02,"",rawWW,cpTP24h,4,
249,PAR_02122021,2021-12-02 00:00:00,2021-12-01,2021-12-02,"",rawWW,cpTP24h,3,
250,LAR_02122021,2021-12-02 00:00:00,2021-12-01,2021-12-02,"",rawWW,cpTP24h,6,
251,LIM_02122021,2021-12-02 00:00:00,2021-12-01,2021-12-02,"",rawWW,cpTP24h,1,
252,PAF_02122021,2021-12-02 00:00:00,2021-12-01,2021-12-02,"",rawWW,cpTP24h,2,
253,ANT_02122021,2021-12-02 00:00:00,2021-12-01,2021-12-02,"",rawWW,cpTP24h,5,
254,VAT_06122021,2021-12-06 00:00:00,2021-12-05,2021-12-06,"",rawWW,cpTP24h,7,
255,AYI_06122021,2021-12-06 00:00:00,2021-12-05,2021-12-06,"",rawWW,cpTP24h,4,
256,PAR_06122021,2021-12-06 00:00:00,2021-12-05,2021-12-06,"",rawWW,cpTP24h,3,
257,LAR_06122021,2021-12-06 00:00:00,2021-12-05,2021-12-06,"",rawWW,cpTP24h,6,
258,LIM_06122021,2021-12-06 00:00:00,2021-12-05,2021-12-06,"",rawWW,cpTP24h,1,
259,PAF_06122021,2021-12-06 00:00:00,2021-12-05,2021-12-06,"",rawWW,cpTP24h,2,
260,ANT_06122021,2021-12-06 00:00:00,2021-12-05,2021-12-06,"",rawWW,cpTP24h,5,
261,VAT_09122021,2021-12-09 00:00:00,2021-12-08,2021-12-09,"",rawWW,cpTP24h,7,
262,AYI_09122021,2021-12-09 00:00:00,2021-12-08,2021-12-09,"",rawWW,cpTP24h,4,
263,PAR_09122021,2021-12-09 00:00:00,2021-12-08,2021-12-09,"",rawWW,cpTP24h,3,
264,LAR_09122021,2021-12-09 00:00:00,2021-12-08,2021-12-09,"",rawWW,cpTP24h,6,
265,LIM_09122021,2021-12-09 00:00:00,2021-12-08,2021-12-09,"",rawWW,cpTP24h,1,
266,PAF_09122021,2021-12-09 00:00:00,2021-12-08,2021-12-09,"",rawWW,cpTP24h,2,
267,ANT_09122021,2021-12-09 00:00:00,2021-12-08,2021-12-09,"",rawWW,cpTP24h,5,
268,VAT_13122021,2021-12-13 00:00:00,2021-12-12,2021-12-13,"",rawWW,cpTP24h,7,
269,AYI_13122021,2021-12-13 00:00:00,2021-12-12,2021-12-13,"",rawWW,cpTP24h,4,
270,PAR_13122021,2021-12-13 00:00:00,2021-12-12,2021-12-13,"",rawWW,cpTP24h,3,
271,LAR_13122021,2021-12-13 00:00:00,2021-12-12,2021-12-13,"",rawWW,cpTP24h,6,
272,LIM_13122021,2021-12-13 00:00:00,2021-12-12,2021-12-13,"",rawWW,cpTP24h,1,
273,PAF_13122021,2021-12-13 00:00:00,2021-12-12,2021-12-13,"",rawWW,cpTP24h,2,
274,ANT_13122021,2021-12-13 00:00:00,2021-12-12,2021-12-13,"",rawWW,cpTP24h,5,
275,VAT_16122021,2021-12-16 00:00:00,2021-12-15,2021-12-16,"",rawWW,cpTP24h,7,
276,AYI_16122021,2021-12-16 00:00:00,2021-12-15,2021-12-16,"",rawWW,cpTP24h,4,
277,PAR_16122021,2021-12-16 00:00:00,2021-12-15,2021-12-16,"",rawWW,cpTP24h,3,
278,LAR_16122021,2021-12-16 00:00:00,2021-12-15,2021-12-16,"",rawWW,cpTP24h,6,
279,LIM_16122021,2021-12-16 00:00:00,2021-12-15,2021-12-16,"",rawWW,cpTP24h,1,
280,PAF_16122021,2021-12-16 00:00:00,2021-12-15,2021-12-16,"",rawWW,cpTP24h,2,
281,ANT_21122021,2021-12-21 00:00:00,2021-12-20,2021-12-21,"",rawWW,cpTP24h,5,
282,VAT_20122021,2021-12-20 00:00:00,2021-12-19,2021-12-20,"",rawWW,cpTP24h,7,
283,AYI_20122021,2021-12-20 00:00:00,2021-12-19,2021-12-20,"",rawWW,cpTP24h,4,
284,PAR_20122021,2021-12-20 00:00:00,2021-12-19,2021-12-20,"",rawWW,cpTP24h,3,
285,LAR_20122021,2021-12-20 00:00:00,2021-12-19,2021-12-20,"",rawWW,cpTP24h,6,
286,LIM_20122021,2021-12-20 00:00:00,2021-12-19,2021-12-20,"",rawWW,cpTP24h,1,
287,PAF_20122021,2021-12-20 00:00:00,2021-12-19,2021-12-20,"",rawWW,cpTP24h,2,
288,ANT_20122021,2021-12-20 00:00:00,2021-12-19,2021-12-20,"",rawWW,cpTP24h,5,
289,VAT_23122021,2021-12-23 00:00:00,2021-12-22,2021-12-23,"",rawWW,cpTP24h,7,
290,AYI_23122021,2021-12-23 00:00:00,2021-12-22,2021-12-23,"",rawWW,cpTP24h,4,
291,PAR_23122021,2021-12-23 00:00:00,2021-12-22,2021-12-23,"",rawWW,cpTP24h,3,
292,LAR_23122021,2021-12-23 00:00:00,2021-12-22,2021-12-23,"",rawWW,cpTP24h,6,
293,LIM_23122021,2021-12-23 00:00:00,2021-12-22,2021-12-23,"",rawWW,cpTP24h,1,
294,PAF_23122021,2021-12-23 00:00:00,2021-12-22,2021-12-23,"",rawWW,cpTP24h,2,
295,ANT_23122021,2021-12-23 00:00:00,2021-12-22,2021-12-23,"",rawWW,cpTP24h,5,
296,VAT_27122021,2021-12-27 00:00:00,2021-12-26,2021-12-27,"",rawWW,cpTP24h,7,
297,AYI_27122021,2021-12-27 00:00:00,2021-12-26,2021-12-27,"",rawWW,cpTP24h,4,
298,PAR_27122021,2021-12-27 00:00:00,2021-12-26,2021-12-27,"",rawWW,cpTP24h,3,
299,LAR_27122021,2021-12-27 00:00:00,2021-12-26,2021-12-27,"",rawWW,cpTP24h,6,
300,LIM_27122021,2021-12-27 00:00:00,2021-12-26,2021-12-27,"",rawWW,cpTP24h,1,
301,PAF_27122021,2021-12-27 00:00:00,2021-12-26,2021-12-27,"",rawWW,cpTP24h,2,
302,ANT_27122021,2021-12-27 00:00:00,2021-12-26,2021-12-27,"",rawWW,cpTP24h,5,
303,VAT_30122021,2021-12-30 00:00:00,2021-12-29,2021-12-30,"",rawWW,cpTP24h,7,
304,AYI_30122021,2021-12-30 00:00:00,2021-12-29,2021-12-30,"",rawWW,cpTP24h,4,
305,PAR_30122021,2021-12-30 00:00:00,2021-12-29,2021-12-30,"",rawWW,cpTP24h,3,
306,LAR_30122021,2021-12-30 00:00:00,2021-12-29,2021-12-30,"",rawWW,cpTP24h,6,
307,LIM_30122021,2021-12-30 00:00:00,2021-12-29,2021-12-30,"",rawWW,cpTP24h,1,
308,PAF_30122021,2021-12-30 00:00:00,2021-12-29,2021-12-30,"",rawWW,cpTP24h,2,
309,ANT_30122021,2021-12-30 00:00:00,2021-12-29,2021-12-30,"",rawWW,cpTP24h,5,
310,VAT_03012022,2022-01-03 00:00:00,2022-01-02,2022-01-03,"",rawWW,cpTP24h,7,
311,AYI_03012022,2022-01-03 00:00:00,2022-01-02,2022-01-03,"",rawWW,cpTP24h,4,
312,PAR_03012022,2022-01-03 00:00:00,2022-01-02,2022-01-03,"",rawWW,cpTP24h,3,
313,LAR_03012022,2022-01-03 00:00:00,2022-01-02,2022-01-03,"",rawWW,cpTP24h,6,
314,LIM_03012022,2022-01-03 00:00:00,2022-01-02,2022-01-03,"",rawWW,cpTP24h,1,
315,PAF_03012022,2022-01-03 00:00:00,2022-01-02,2022-01-03,"",rawWW,cpTP24h,2,
316,ANT_03012022,2022-01-03 00:00:00,2022-01-02,2022-01-03,"",rawWW,cpTP24h,5,
317,ANT_24012022,2022-02-01 15:47:44,2022-01-23,2022-01-24,,rawWW,cpTP24h,5,3
318,PAF_24012022,2022-02-01 15:52:55,2022-01-23,2022-01-24,,rawWW,cpTP24h,2,3
319,AYI_13012022,2022-01-25 18:46:12,2022-01-12,2022-01-13,,rawWW,cpTP24h,4,3
320,PAF_13012022,2022-01-25 18:35:12,2022-01-12,2022-01-13,,rawWW,cpTP24h,2,3
321,LIM_13012022,2022-01-25 17:42:46,2022-01-12,2022-01-13,,rawWW,cpTP24h,1,3
322,ANT_13012022,2022-01-25 18:14:16,2022-01-12,2022-01-13,,rawWW,cpTP24h,5,3
323,VAT_13012022,2022-01-25 18:20:52,2022-01-12,2022-01-13,,rawWW,cpTP24h,7,3
324,AYI_24012022,2022-02-01 15:56:13,2022-01-23,2022-01-24,,rawWW,cpTP24h,4,3
325,LIM_20012022,2022-02-01 12:08:59,2022-01-19,2022-01-20,,rawWW,cpTP24h,1,3
326,LIM_27012022,2022-02-07 12:59:26,2022-01-26,2022-01-27,Influent samples,rawWW,cpTP24h,1,2
327,LIM_03022022,2022-02-10 11:42:34,2022-02-02,2022-02-03,Influent samples,rawWW,cpTP24h,1,2
328,LIM_07022022,2022-02-10 13:02:49,2022-02-06,2022-02-07,Influent samples,rawWW,cpTP24h,1,2
329,ANT_08022022,2022-02-10 13:09:46,2022-02-07,2022-02-08,Influent samples,rawWW,cpTP24h,5,2
330,PAF_07022022,2022-02-10 13:13:57,2022-02-06,2022-02-07,Influent samples,rawWW,cpTP24h,2,2
331,AYI_07022022,2022-02-10 13:19:17,2022-02-06,2022-02-07,Influent samples,rawWW,cpTP24h,4,2
332,PAR_10012022,2022-01-25 18:41:51,2022-01-09,2022-01-10,,rawWW,cpTP24h,3,3
333,ANT_28032022,2022-03-31 16:05:29,2022-03-27,2022-03-28,Influent samples,rawWW,cpTP24h,5,2
334,VAT_24032022,2022-03-31 16:06:14,2022-03-23,2022-03-24,Influent samples,rawWW,cpTP24h,7,2
335,VAT_28032022,2022-03-31 16:06:49,2022-03-27,2022-03-28,Influent samples,rawWW,cpTP24h,7,2
336,PAF_24032022,2022-03-31 16:08:02,2022-03-23,2022-03-24,Influent samples,rawWW,cpTP24h,2,2
337,PAF_28032022,2022-03-31 16:08:47,2022-03-27,2022-03-28,Influent samples,rawWW,cpTP24h,2,2
338,PAR_24032022,2022-03-31 16:09:53,2022-03-23,2022-03-24,Influent samples,rawWW,cpTP24h,3,2
339,PAR_28032022,2022-03-31 16:10:28,2022-03-27,2022-03-28,Influent samples,rawWW,cpTP24h,3,2
340,AYI_24032022,2022-03-31 16:11:08,2022-03-23,2022-03-24,Influent samples,rawWW,cpTP24h,4,2
341,AYI_28032022,2022-03-31 16:23:27,2022-03-27,2022-03-28,Influent samples,rawWW,cpTP24h,4,2
342,LIM_31032022,2022-04-08 16:53:06,2022-03-30,2022-03-31,Influent samples,rawWW,cpTP24h,1,6
344,LAR_31032022,2022-04-08 16:55:10,2022-03-30,2022-03-31,Influent samples,rawWW,cpTP24h,6,6
345,LAR_04042022,2022-04-08 16:55:44,2022-04-03,2022-04-04,Influent samples,rawWW,cpTP24h,6,6
346,ANT_31032022,2022-04-08 16:56:54,2022-03-30,2022-03-31,Influent samples,rawWW,cpTP24h,5,6
347,ANT_04042022,2022-04-08 16:57:24,2022-04-03,2022-04-04,Influent samples,rawWW,cpTP24h,5,6
348,VAT_31032022,2022-04-08 16:58:06,2022-03-30,2022-03-31,Influent samples,rawWW,cpTP24h,7,6
349,VAT_04042022,2022-04-08 16:58:41,2022-04-03,2022-04-04,Influent samples,rawWW,cpTP24h,7,6
351,PAF_04042022,2022-04-08 17:00:42,2022-04-03,2022-04-04,Influent samples,rawWW,cpTP24h,2,6
352,PAR_31032022,2022-04-08 17:01:43,2022-03-30,2022-03-31,Influent samples,rawWW,cpTP24h,3,6
353,PAR_04042022,2022-04-08 17:02:19,2022-04-03,2022-04-04,Influent samples,rawWW,cpTP24h,3,6
354,AYI_31032022,2022-04-08 17:02:57,2022-03-30,2022-03-31,Influent samples,rawWW,cpTP24h,4,6
355,AYI_04042022,2022-04-08 17:03:34,2022-04-03,2022-04-04,Influent samples,rawWW,cpTP24h,4,6
356,LAR_24032022,2022-04-12 12:10:47,2022-03-23,2022-03-24,Influent samples,rawWW,cpTP24h,6,6
357,LAR_28032022,2022-04-12 12:11:27,2022-03-27,2022-03-28,Influent samples,rawWW,cpTP24h,6,6
358,LAR_31032022,2022-04-12 12:12:09,2022-03-30,2022-03-31,Influent samples,rawWW,cpTP24h,6,6
359,LAR_04042022,2022-04-12 12:12:46,2022-04-03,2022-04-04,Influent samples,rawWW,cpTP24h,6,6
360,PAR_24032022,2022-04-12 12:16:37,2022-03-23,2022-03-24,Influent samples,rawWW,cpTP24h,3,6
361,PAR_28032022,2022-04-12 12:17:15,2022-03-27,2022-03-28,Influent samples,rawWW,cpTP24h,3,6
362,PAR_31032022,2022-04-12 12:18:01,2022-03-30,2022-03-31,Influent samples,rawWW,cpTP24h,3,6
363,AYI_24032022,2022-04-12 12:19:14,2022-03-23,2022-03-24,Influent samples,rawWW,cpTP24h,4,6
364,AYI_28032022,2022-04-12 12:19:58,2022-03-27,2022-03-28,Influent samples,rawWW,cpTP24h,4,6
365,AYI_31032022,2022-04-12 12:20:36,2022-03-30,2022-03-31,Influent samples,rawWW,cpTP24h,4,6
368,LAR_07042022,2022-04-14 14:57:25,2022-04-06,2022-04-07,Influent samples,rawWW,cpTP24h,6,6
369,LAR_11042022,2022-04-14 14:58:59,2022-04-10,2022-04-11,Influent samples,rawWW,cpTP24h,6,6
370,ANT_07042022,2022-04-14 15:00:42,2022-04-06,2022-04-07,Influent samples,rawWW,cpTP24h,5,6
371,ANT_11042022,2022-04-14 15:01:24,2022-04-10,2022-04-11,Influent samples,rawWW,cpTP24h,5,6
372,VAT_07042022,2022-04-14 15:04:59,2022-04-06,2022-04-07,Influent samples,rawWW,cpTP24h,7,6
373,VAT_11042022,2022-04-14 15:05:55,2022-04-10,2022-04-11,Influent samples,rawWW,cpTP24h,7,6
374,PAF_07042022,2022-04-14 15:48:04,2022-04-06,2022-04-07,Influent samples,rawWW,cpTP24h,2,6
375,PAF_11042022,2022-04-14 15:49:35,2022-04-10,2022-04-11,Influent samples,rawWW,cpTP24h,2,6
376,PAR_07042022,2022-04-14 15:50:35,2022-04-06,2022-04-07,Influent samples,rawWW,cpTP24h,3,6
377,PAR_11042022,2022-04-14 15:51:13,2022-04-10,2022-04-11,Influent samples,rawWW,cpTP24h,3,6
378,AYI_07042022,2022-04-14 15:51:59,2022-04-06,2022-04-07,Influent samples,rawWW,cpTP24h,4,6
379,AYI_11042022,2022-04-14 15:52:50,2022-04-10,2022-04-11,Influent samples,rawWW,cpTP24h,4,6
382,LAR_14042022,2022-04-27 11:58:20,2022-04-13,2022-04-14,Influent samples,rawWW,cpTP24h,6,6
383,LAR_18042022,2022-04-27 11:59:04,2022-04-17,2022-04-18,Influent samples,rawWW,cpTP24h,6,6
384,ANT_14042022,2022-04-27 12:00:06,2022-04-13,2022-04-14,Influent samples,rawWW,cpTP24h,5,6
385,ANT_18042022,2022-04-27 12:00:47,2022-04-17,2022-04-18,Influent samples,rawWW,cpTP24h,5,6
386,VAT_14042022,2022-04-27 12:03:12,2022-04-13,2022-04-14,Influent samples,rawWW,cpTP24h,7,6
387,VAT_18042022,2022-04-27 12:03:52,2022-04-17,2022-04-18,Influent samples,rawWW,cpTP24h,7,6
388,PAF_14042022,2022-04-27 12:04:51,2022-04-13,2022-04-14,Influent samples,rawWW,cpTP24h,2,6
389,PAF_18042022,2022-04-27 12:07:19,2022-04-17,2022-04-18,Influent samples,rawWW,cpTP24h,2,6
390,PAR_14042022,2022-04-27 12:10:16,2022-04-13,2022-04-14,Influent samples,rawWW,cpTP24h,3,6
391,PAR_18042022,2022-04-27 12:11:19,2022-04-17,2022-04-18,Influent samples,rawWW,cpTP24h,3,6
392,AYI_14042022,2022-04-27 12:12:07,2022-04-13,2022-04-14,Influent samples,rawWW,cpTP24h,4,6
393,AYI_18042022,2022-04-27 12:13:15,2022-04-17,2022-04-18,Influent samples,rawWW,cpTP24h,4,6
343,LIM_04042022,2022-04-08 16:53:50,2022-04-03,2022-04-04,Influent samples,rawWW,cpTP24h,1,6
366,LIM_07042022,2022-04-14 14:55:22,2022-04-06,2022-04-07,Influent samples,rawWW,cpTP24h,1,6
367,LIM_11042022,2022-04-14 14:56:17,2022-04-10,2022-04-11,Influent samples,rawWW,cpTP24h,1,6
380,LIM_14042022,2022-04-27 11:39:15,2022-04-13,2022-04-14,Influent samples,rawWW,cpTP24h,1,6
381,LIM_18042022,2022-04-27 11:40:01,2022-04-17,2022-04-18,Influent samples,rawWW,cpTP24h,1,6
394,LAR_07042022,2022-04-28 16:28:22,2022-04-06,2022-04-07,Influent samples,rawWW,cpTP24h,6,6
395,LAR_11042022,2022-04-28 16:28:57,2022-04-10,2022-04-11,Influent samples,rawWW,cpTP24h,6,6
396,ANT_21032022,2022-04-28 16:29:55,2022-03-20,2022-03-21,Influent samples,rawWW,cpTP24h,5,6
397,ANT_24032022,2022-04-28 16:30:39,2022-03-23,2022-03-24,Influent samples,rawWW,cpTP24h,5,6
398,ANT_28032022,2022-04-28 16:31:29,2022-03-27,2022-03-28,Influent samples,rawWW,cpTP24h,5,6
399,ANT_31032022,2022-04-28 16:32:18,2022-03-30,2022-03-31,Influent samples,rawWW,cpTP24h,5,6
400,ANT_04042022,2022-04-28 16:32:52,2022-04-03,2022-04-04,Influent samples,rawWW,cpTP24h,5,6
401,ANT_07042022,2022-04-28 16:33:26,2022-04-06,2022-04-07,Influent samples,rawWW,cpTP24h,5,6
402,ANT_11042022,2022-04-28 16:34:03,2022-04-10,2022-04-11,Influent samples,rawWW,cpTP24h,5,6
403,VAT_28032022,2022-04-28 16:36:20,2022-03-27,2022-03-28,Influent samples,rawWW,cpTP24h,7,6
404,VAT_31032022,2022-04-28 16:37:08,2022-03-30,2022-03-31,Influent samples,rawWW,cpTP24h,7,6
407,LAR_21042022,2022-04-29 14:49:51,2022-04-20,2022-04-21,Influent samples,rawWW,cpTP24h,6,6
408,LAR_25042022,2022-04-29 14:50:32,2022-04-24,2022-04-25,Influent samples,rawWW,cpTP24h,6,6
409,ANT_21042022,2022-04-29 14:51:19,2022-04-20,2022-04-21,Influent samples,rawWW,cpTP24h,5,6
411,VAT_21042022,2022-04-29 14:52:51,2022-04-20,2022-04-21,Influent samples,rawWW,cpTP24h,7,6
412,VAT_25042022,2022-04-29 14:54:46,2022-04-24,2022-04-25,Influent samples,rawWW,cpTP24h,7,6
413,PAF_21042022,2022-04-29 14:55:39,2022-04-20,2022-04-21,Influent samples,rawWW,cpTP24h,2,6
414,PAF_25042022,2022-04-29 14:56:16,2022-04-24,2022-04-25,Influent samples,rawWW,cpTP24h,2,6
415,PAR_21042022,2022-04-29 14:57:17,2022-04-20,2022-04-21,Influent samples,rawWW,cpTP24h,3,6
418,AYI_21042022,2022-04-29 14:59:33,2022-04-20,2022-04-21,Influent samples,rawWW,cpTP24h,4,6
417,AYI_27042022,2022-04-29 14:58:57,2022-04-26,2022-04-27,Influent samples,rawWW,cpTP24h,4,6
416,PAR_27042022,2022-04-29 14:57:57,2022-04-26,2022-04-27,Influent samples,rawWW,cpTP24h,3,6
410,ANT_27042022,2022-04-29 14:51:58,2022-04-26,2022-04-27,Influent samples,rawWW,cpTP24h,5,6
421,ANT_28042022,2022-05-06 12:34:48,2022-04-27,2022-04-28,Influent Samples,rawWW,cpTP24h,5,2
422,ANT_02052022,2022-05-06 12:36:08,2022-05-01,2022-05-02,Influent Samples,rawWW,cpTP24h,5,2
423,VAT_28042022,2022-05-06 12:55:26,2022-04-27,2022-04-28,Influent Samples,rawWW,cpTP24h,7,2
427,PAR_28042022,2022-05-06 13:00:08,2022-04-27,2022-04-28,Influent Samples,rawWW,cpTP24h,3,2
426,PAF_02052022,2022-05-06 12:58:51,2022-05-01,2022-05-02,Influent Samples,rawWW,cpTP24h,2,2
425,PAF_28042022,2022-05-06 12:57:39,2022-04-27,2022-04-28,Influent Samples,rawWW,cpTP24h,2,2
472,VAT_05052022,2022-05-13 12:04:55,2022-05-04,2022-05-05,Influent samples,rawWW,cpTP24h,7,6
429,AYI_28042022,2022-05-06 13:04:39,2022-04-27,2022-04-28,Influent Samples,rawWW,cpTP24h,4,2
433,LAR_14042022,2022-05-10 12:21:43,2022-04-13,2022-04-14,Influent samples,rawWW,cpTP24h,6,6
434,LAR_18042022,2022-05-10 12:22:40,2022-04-17,2022-04-18,Influent samples,rawWW,cpTP24h,6,6
435,LAR_21042022,2022-05-10 12:23:37,2022-04-20,2022-04-21,Influent samples,rawWW,cpTP24h,6,6
436,LAR_25042022,2022-05-10 12:24:25,2022-04-24,2022-04-25,Influent samples,rawWW,cpTP24h,6,6
437,ANT_14042022,2022-05-10 13:01:02,2022-04-13,2022-04-14,Influent samples,rawWW,cpTP24h,5,6
438,ANT_18042022,2022-05-10 13:01:36,2022-04-17,2022-04-18,Influent samples,rawWW,cpTP24h,5,6
439,ANT_21042022,2022-05-10 13:02:17,2022-04-20,2022-04-21,Influent samples,rawWW,cpTP24h,5,6
440,ANT_25042022,2022-05-10 13:03:04,2022-04-24,2022-04-25,Influent samples,rawWW,cpTP24h,5,6
441,ANT_28042022,2022-05-10 13:03:44,2022-04-27,2022-04-28,Influent samples,rawWW,cpTP24h,5,6
442,ANT_02052022,2022-05-10 13:04:33,2022-05-01,2022-05-02,Influent samples,rawWW,cpTP24h,5,6
443,VAT_04042022,2022-05-10 13:35:49,2022-04-03,2022-04-04,Influent samples,rawWW,cpTP24h,7,6
444,VAT_07042022,2022-05-10 13:36:23,2022-04-06,2022-04-07,Influent samples,rawWW,cpTP24h,7,6
445,VAT_11042022,2022-05-10 13:37:15,2022-04-10,2022-04-11,Influent samples,rawWW,cpTP24h,7,6
446,VAT_14042022,2022-05-10 13:37:52,2022-04-13,2022-04-14,Influent samples,rawWW,cpTP24h,7,6
447,VAT_18042022,2022-05-10 13:39:49,2022-04-17,2022-04-18,Influent samples,rawWW,cpTP24h,7,6
448,VAT_21042022,2022-05-10 13:40:29,2022-04-20,2022-04-21,Influent samples,rawWW,cpTP24h,7,6
449,VAT_25042022,2022-05-10 13:41:32,2022-04-24,2022-04-25,Influent samples,rawWW,cpTP24h,7,6
450,VAT_28042022,2022-05-10 13:42:12,2022-04-27,2022-04-28,Influent samples,rawWW,cpTP24h,7,6
451,PAF_24032022,2022-05-10 14:21:49,2022-03-23,2022-03-24,Influent samples,rawWW,cpTP24h,2,6
452,PAF_28032022,2022-05-10 14:22:38,2022-03-27,2022-03-28,Influent samples,rawWW,cpTP24h,2,6
454,PAF_04042022,2022-05-10 15:01:23,2022-04-03,2022-04-04,Influent samples,rawWW,cpTP24h,2,6
455,PAF_07042022,2022-05-10 15:02:03,2022-04-06,2022-04-07,Influent samples,rawWW,cpTP24h,2,6
456,PAF_11042022,2022-05-10 15:02:52,2022-04-10,2022-04-11,Influent samples,rawWW,cpTP24h,2,6
457,PAF_14042022,2022-05-10 15:03:31,2022-04-13,2022-04-14,Influent samples,rawWW,cpTP24h,2,6
458,PAF_18042022,2022-05-10 15:08:31,2022-04-17,2022-04-18,Influent samples,rawWW,cpTP24h,2,6
459,PAF_21042022,2022-05-10 15:09:02,2022-04-20,2022-04-21,Influent samples,rawWW,cpTP24h,2,6
460,PAF_25042022,2022-05-10 15:09:46,2022-04-24,2022-04-25,Influent samples,rawWW,cpTP24h,2,6
461,PAF_28042022,2022-05-10 15:10:27,2022-04-27,2022-04-28,Influent samples,rawWW,cpTP24h,2,6
462,PAF_02052022,2022-05-10 15:11:05,2022-05-01,2022-05-02,Influent samples,rawWW,cpTP24h,2,6
405,LIM_21042022,2022-04-29 14:48:12,2022-04-20,2022-04-21,Influent samples,rawWW,cpTP24h,1,6
406,LIM_25042022,2022-04-29 14:48:54,2022-04-24,2022-04-25,Influent samples,rawWW,cpTP24h,1,6
468,LIM_28042022,2022-05-13 11:57:35,2022-04-27,2022-04-28,Influent samples,rawWW,cpTP24h,1,6
467,LIM_02052022,2022-05-13 11:56:21,2022-05-01,2022-05-02,Influent samples,rawWW,cpTP24h,1,6
465,LIM_05052022,2022-05-13 11:51:56,2022-05-04,2022-05-05,Influent samples,rawWW,cpTP24h,1,6
466,LIM_09052022,2022-05-13 11:52:39,2022-05-08,2022-05-09,Influent samples,rawWW,cpTP24h,1,6
419,LAR_28042022,2022-05-06 12:30:48,2022-04-27,2022-04-28,Influent Sample,rawWW,cpTP24h,6,6
469,LAR_05052022,2022-05-13 11:58:31,2022-05-04,2022-05-05,Influent samples,rawWW,cpTP24h,6,6
470,LAR_09052022,2022-05-13 12:02:05,2022-05-08,2022-05-09,Influent samples,rawWW,cpTP24h,6,6
424,VAT_02052022,2022-05-06 12:56:13,2022-05-01,2022-05-02,Influent Samples,rawWW,cpTP24h,7,6
428,PAR_02052022,2022-05-06 13:03:56,2022-05-01,2022-05-02,Influent Samples,rawWW,cpTP24h,3,6
430,AYI_02052022,2022-05-06 13:05:43,2022-05-01,2022-05-02,Influent Samples,rawWW,cpTP24h,4,6
474,PAF_05052022,2022-05-13 12:07:25,2022-05-04,2022-05-05,Influent samples,rawWW,cpTP24h,2,6
475,PAF_09052022,2022-05-13 12:08:07,2022-05-08,2022-05-09,Influent samples,rawWW,cpTP24h,2,6
481,LAR_05052022,2022-05-16 11:41:37,2022-05-04,2022-05-05,Influent samples,rawWW,cpTP24h,6,6
482,LAR_09052022,2022-05-16 11:42:21,2022-05-08,2022-05-09,Influent samples,rawWW,cpTP24h,6,6
483,PAF_05052022,2022-05-16 11:44:36,2022-05-04,2022-05-05,Influent samples,rawWW,cpTP24h,2,6
484,PAF_09052022,2022-05-16 11:46:10,2022-05-08,2022-05-09,Influent samples,rawWW,cpTP24h,2,6
485,PAR_04042022,2022-05-16 11:47:04,2022-04-03,2022-04-04,Influent samples,rawWW,cpTP24h,3,6
486,PAR_07042022,2022-05-16 11:48:17,2022-04-06,2022-04-07,Influent samples,rawWW,cpTP24h,3,6
487,PAR_11042022,2022-05-16 11:49:02,2022-04-10,2022-04-11,Influent samples,rawWW,cpTP24h,3,6
488,PAR_14042022,2022-05-16 11:50:06,2022-04-13,2022-04-14,Influent samples,rawWW,cpTP24h,3,6
489,PAR_18042022,2022-05-16 11:50:40,2022-04-17,2022-04-18,Influent samples,rawWW,cpTP24h,3,6
490,PAR_21042022,2022-05-16 11:51:23,2022-04-20,2022-04-21,Influent samples,rawWW,cpTP24h,3,6
491,PAR_25042022,2022-05-16 11:51:59,2022-04-24,2022-04-25,Influent samples,rawWW,cpTP24h,3,6
492,PAR_28042022,2022-05-16 11:52:22,2022-04-27,2022-04-28,Influent samples,rawWW,cpTP24h,3,6
493,AYI_04042022,2022-05-16 11:54:38,2022-04-03,2022-04-04,Influent samples,rawWW,cpTP24h,4,6
494,AYI_07042022,2022-05-16 11:55:07,2022-04-06,2022-04-07,Influent samples,rawWW,cpTP24h,4,6
495,AYI_11042022,2022-05-16 11:55:34,2022-04-10,2022-04-11,Influent samples,rawWW,cpTP24h,4,6
496,AYI_14042022,2022-05-16 11:56:05,2022-04-13,2022-04-14,Influent samples,rawWW,cpTP24h,4,6
497,AYI_18042022,2022-05-16 11:56:45,2022-04-17,2022-04-18,Influent samples,rawWW,cpTP24h,4,6
498,AYI_21042022,2022-05-16 11:57:17,2022-04-20,2022-04-21,Influent samples,rawWW,cpTP24h,4,6
499,AYI_25042022,2022-05-16 11:57:53,2022-04-24,2022-04-25,Influent samples,rawWW,cpTP24h,4,6
500,AYI_28042022,2022-05-16 11:58:22,2022-04-27,2022-04-28,Influent samples,rawWW,cpTP24h,4,6
538,AYI_23052022,2022-05-27 11:23:59,2022-05-22,2022-05-23,Influent samples,rawWW,cpTP24h,4,6
473,VAT_09052022,2022-05-13 12:05:43,2022-05-08,2022-05-09,Influent samples,rawWW,cpTP24h,7,6
506,ANT_09052022,2022-05-16 16:43:47,2022-05-08,2022-05-09,check - <LOD,rawWW,cpTP24h,5,6
512,ANT_12052022,2022-05-20 14:19:18,2022-05-11,2022-05-12,Influent samples,rawWW,cpTP24h,5,6
513,ANT_16052022,2022-05-20 14:19:55,2022-05-15,2022-05-16,Influent samples,rawWW,cpTP24h,5,6
530,ANT_19052022,2022-05-27 11:10:35,2022-05-18,2022-05-19,Influent samples,rawWW,cpTP24h,5,6
544,ANT_26052022,2022-06-03 09:47:21,2022-05-25,2022-05-26,Influent samples,rawWW,cpTP24h,5,6
508,LIM_12052022,2022-05-20 14:14:39,2022-05-11,2022-05-12,Influent samples,rawWW,cpTP24h,1,6
532,VAT_23052022,2022-05-27 11:18:56,2022-05-22,2022-05-23,Influent samples,rawWW,cpTP24h,7,6
526,LIM_19052022,2022-05-27 10:56:26,2022-05-18,2022-05-19,Influent samples,rawWW,cpTP24h,1,6
527,LIM_23052022,2022-05-27 11:05:51,2022-05-22,2022-05-23,Influent samples,rawWW,cpTP24h,1,6
540,LIM_26052022,2022-06-03 09:43:46,2022-05-25,2022-05-26,Influent samples,rawWW,cpTP24h,1,6
541,LIM_30052022,2022-06-03 09:44:27,2022-05-29,2022-05-30,Influent samples,rawWW,cpTP24h,1,6
554,LIM_02062022,2022-06-10 13:44:27,2022-06-01,2022-06-02,Influent samples,rawWW,cpTP24h,1,6
555,LIM_06062022,2022-06-10 13:45:06,2022-06-05,2022-06-06,Influent samples,rawWW,cpTP24h,1,6
510,LAR_12052022,2022-05-20 14:17:48,2022-05-11,2022-05-12,Influent samples,rawWW,cpTP24h,6,6
511,LAR_16052022,2022-05-20 14:18:17,2022-05-15,2022-05-16,Influent samples,rawWW,cpTP24h,6,6
528,LAR_19052022,2022-05-27 11:06:45,2022-05-18,2022-05-19,Influent samples,rawWW,cpTP24h,6,6
529,LAR_23052022,2022-05-27 11:07:30,2022-05-22,2022-05-23,Influent samples,rawWW,cpTP24h,6,6
542,LAR_26052022,2022-06-03 09:45:25,2022-05-25,2022-05-26,Influent samples,rawWW,cpTP24h,6,6
543,LAR_30052022,2022-06-03 09:46:11,2022-05-29,2022-05-30,Influent samples,rawWW,cpTP24h,6,6
556,LAR_02062022,2022-06-10 13:45:45,2022-06-01,2022-06-02,Influent samples,rawWW,cpTP24h,6,6
557,LAR_06062022,2022-06-10 13:46:21,2022-06-05,2022-06-06,Influent samples,rawWW,cpTP24h,6,6
558,ANT_02062022,2022-06-10 13:46:54,2022-06-01,2022-06-02,Influent samples,rawWW,cpTP24h,5,6
514,VAT_12052022,2022-05-20 14:22:26,2022-05-11,2022-05-12,Influent samples,rawWW,cpTP24h,7,6
515,VAT_16052022,2022-05-20 14:25:08,2022-05-15,2022-05-16,,rawWW,cpTP24h,7,6
531,VAT_19052022,2022-05-27 11:18:18,2022-05-18,2022-05-19,Influent samples,rawWW,cpTP24h,7,6
509,LIM_16052022,2022-05-20 14:16:48,2022-05-15,2022-05-16,Influent samples,rawWW,cpTP24h,1,6
546,VAT_26052022,2022-06-03 09:49:09,2022-05-25,2022-05-26,Influent samples,rawWW,cpTP24h,7,6
547,VAT_30052022,2022-06-03 09:49:49,2022-05-29,2022-05-30,Influent samples,rawWW,cpTP24h,7,6
516,PAF_12052022,2022-05-20 14:32:45,2022-05-11,2022-05-12,Influent samples,rawWW,cpTP24h,2,6
517,PAF_16052022,2022-05-20 14:33:58,2022-05-15,2022-05-16,Influent samples,rawWW,cpTP24h,2,6
533,PAF_19052022,2022-05-27 11:19:48,2022-05-18,2022-05-19,Influent samples,rawWW,cpTP24h,2,6
548,PAF_26052022,2022-06-03 09:54:04,2022-05-25,2022-05-26,Influent samples,rawWW,cpTP24h,2,6
549,PAF_30052022,2022-06-03 09:55:03,2022-05-29,2022-05-30,Influent samples,rawWW,cpTP24h,2,6
478,PAR_05052022,2022-05-13 12:11:48,2022-05-04,2022-05-05,Influent samples,rawWW,cpTP24h,3,6
479,PAR_09052022,2022-05-13 12:12:25,2022-05-08,2022-05-09,Influent samples,rawWW,cpTP24h,3,6
518,PAR_12052022,2022-05-20 14:34:46,2022-05-11,2022-05-12,Influent samples,rawWW,cpTP24h,3,6
519,PAR_16052022,2022-05-20 14:35:18,2022-05-15,2022-05-16,Influent samples,rawWW,cpTP24h,3,6
535,PAR_19052022,2022-05-27 11:21:57,2022-05-18,2022-05-19,Influent samples,rawWW,cpTP24h,3,6
536,PAR_23052022,2022-05-27 11:22:35,2022-05-22,2022-05-23,Influent samples,rawWW,cpTP24h,3,6
550,PAR_26052022,2022-06-03 09:58:04,2022-05-25,2022-05-26,Influent samples,rawWW,cpTP24h,3,6
551,PAR_30052022,2022-06-03 09:59:07,2022-05-29,2022-05-30,Influent samples,rawWW,cpTP24h,3,6
476,AYI_05052022,2022-05-13 12:09:37,2022-05-04,2022-05-05,Influent samples,rawWW,cpTP24h,4,6
477,AYI_09052022,2022-05-13 12:10:11,2022-05-08,2022-05-09,Influent samples,rawWW,cpTP24h,4,6
520,AYI_12052022,2022-05-20 14:37:40,2022-05-11,2022-05-12,Influent samples,rawWW,cpTP24h,4,6
521,AYI_16052022,2022-05-20 14:38:12,2022-05-15,2022-05-16,Influent samples,rawWW,cpTP24h,4,6
537,AYI_19052022,2022-05-27 11:23:20,2022-05-18,2022-05-19,Influent samples,rawWW,cpTP24h,4,6
552,AYI_26052022,2022-06-03 09:59:47,2022-05-25,2022-05-26,Influent samples,rawWW,cpTP24h,4,6
553,AYI_30052022,2022-06-03 10:00:22,2022-05-29,2022-05-30,Influent samples,rawWW,cpTP24h,4,6
471,ANT_05052022,2022-05-13 12:03:50,2022-05-04,2022-05-05,Influent samples,rawWW,cpTP24h,5,6
545,ANT_30052022,2022-06-03 09:48:20,2022-05-29,2022-05-30,Influent samples,rawWW,cpTP24h,5,6
573,ANT_15062022,2022-06-17 15:02:27,2022-06-14,2022-06-15,Influent samples,rawWW,cpTP24h,5,6
613,LIM_04072022,2022-07-08 09:53:27,2022-07-03,2022-07-04,Influent Samples,rawWW,cpTP24h,1,6
615,LAR_04072022,2022-07-08 10:02:44,2022-07-03,2022-07-04,Influent Samples,rawWW,cpTP24h,6,2
628,LAR_07072022,2022-07-15 13:36:30,2022-07-06,2022-07-07,Influent Samples,rawWW,cpTP24h,6,2
629,LAR_11072022,2022-07-15 13:38:24,2022-07-10,2022-07-11,Influent Samples,rawWW,cpTP24h,6,2
631,ANT_11072022,2022-07-15 13:42:59,2022-07-10,2022-07-11,Influent Samples,rawWW,cpTP24h,5,2
569,LIM_13062022,2022-06-17 14:59:25,2022-06-12,2022-06-13,Influent samples,rawWW,cpTP24h,1,6
583,LIM_16062022,2022-06-24 11:51:21,2022-06-15,2022-06-16,Influent samples,rawWW,cpTP24h,1,6
584,LIM_20062022,2022-06-24 11:51:55,2022-06-19,2022-06-20,Influent samples,rawWW,cpTP24h,1,6
597,LIM_23062022,2022-06-30 15:40:55,2022-06-22,2022-06-23,Influent samples,rawWW,cpTP24h,1,6
598,LIM_27062022,2022-06-30 15:41:34,2022-06-26,2022-06-27,Influent samples,rawWW,cpTP24h,1,6
612,LIM_30062022,2022-07-08 09:52:01,2022-06-29,2022-06-30,Influent Samples,rawWW,cpTP24h,1,6
626,LIM_07072022,2022-07-15 13:32:47,2022-07-06,2022-07-07,Influent Samples,rawWW,cpTP24h,1,6
627,LIM_11072022,2022-07-15 13:34:04,2022-07-10,2022-07-11,Influent Samples,rawWW,cpTP24h,1,6
570,LAR_09062022,2022-06-17 15:00:05,2022-06-08,2022-06-09,Influent samples,rawWW,cpTP24h,6,6
571,LAR_13062022,2022-06-17 15:00:42,2022-06-12,2022-06-13,Influent samples,rawWW,cpTP24h,6,6
586,LAR_20062022,2022-06-24 11:57:58,2022-06-19,2022-06-20,Influent samples,rawWW,cpTP24h,6,6
585,LAR_16062022,2022-06-24 11:57:23,2022-06-15,2022-06-16,Influent samples,rawWW,cpTP24h,6,6
599,LAR_23062022,2022-06-30 15:42:25,2022-06-22,2022-06-23,Influent samples,rawWW,cpTP24h,6,6
600,LAR_27062022,2022-06-30 15:43:00,2022-06-26,2022-06-27,Influent samples,rawWW,cpTP24h,6,6
567,ANT_06062022,2022-06-10 13:56:01,2022-06-05,2022-06-06,Influent samples,rawWW,cpTP24h,5,6
572,ANT_09062022,2022-06-17 15:01:36,2022-06-08,2022-06-09,Influent samples,rawWW,cpTP24h,5,6
587,ANT_16062022,2022-06-24 11:58:51,2022-06-15,2022-06-16,Influent samples,rawWW,cpTP24h,5,6
588,ANT_20062022,2022-06-24 11:59:20,2022-06-19,2022-06-20,Influent samples,rawWW,cpTP24h,5,6
601,ANT_23062022,2022-06-30 15:43:51,2022-06-22,2022-06-23,Influent samples,rawWW,cpTP24h,5,6
602,ANT_27062022,2022-06-30 15:44:22,2022-06-26,2022-06-27,Influent samples,rawWW,cpTP24h,5,6
616,ANT_30062022,2022-07-08 10:04:07,2022-06-29,2022-06-30,Influent Samples,rawWW,cpTP24h,5,6
617,ANT_04072022,2022-07-08 10:05:10,2022-07-03,2022-07-04,Influent Samples,rawWW,cpTP24h,5,6
630,ANT_07072022,2022-07-15 13:41:43,2022-07-06,2022-07-07,Influent Samples,rawWW,cpTP24h,5,6
559,VAT_02062022,2022-06-10 13:48:20,2022-06-01,2022-06-02,Influent samples,rawWW,cpTP24h,7,6
560,VAT_06062022,2022-06-10 13:49:59,2022-06-05,2022-06-06,Influent samples,rawWW,cpTP24h,7,6
574,VAT_09062022,2022-06-17 15:03:45,2022-06-08,2022-06-09,Influent samples,rawWW,cpTP24h,7,6
575,VAT_13062022,2022-06-17 15:04:20,2022-06-12,2022-06-13,Influent samples,rawWW,cpTP24h,7,6
589,VAT_16062022,2022-06-24 12:00:05,2022-06-15,2022-06-16,Influent samples,rawWW,cpTP24h,7,6
590,VAT_20062022,2022-06-24 12:03:18,2022-06-19,2022-06-20,Influent samples,rawWW,cpTP24h,7,6
603,VAT_23062022,2022-06-30 15:45:09,2022-06-22,2022-06-23,Influent samples,rawWW,cpTP24h,7,6
604,VAT_27062022,2022-06-30 15:45:53,2022-06-26,2022-06-27,Influent samples,rawWW,cpTP24h,7,6
618,VAT_30062022,2022-07-08 10:06:41,2022-06-29,2022-06-30,Influent Samples,rawWW,cpTP24h,7,6
619,VAT_04072022,2022-07-08 10:07:44,2022-07-03,2022-07-04,Influent Samples,rawWW,cpTP24h,7,6
561,PAF_02062022,2022-06-10 13:51:03,2022-06-01,2022-06-02,Influent samples,rawWW,cpTP24h,2,6
562,PAF_06062022,2022-06-10 13:51:43,2022-06-05,2022-06-06,Influent samples,rawWW,cpTP24h,2,6
577,PAF_09062022,2022-06-17 15:06:40,2022-06-08,2022-06-09,Influent samples,rawWW,cpTP24h,2,6
592,PAF_20062022,2022-06-24 12:13:18,2022-06-19,2022-06-20,Influent samples,rawWW,cpTP24h,2,6
605,PAF_23062022,2022-06-30 15:46:49,2022-06-22,2022-06-23,Influent samples,rawWW,cpTP24h,2,6
606,PAF_27062022,2022-06-30 15:47:31,2022-06-26,2022-06-27,Influent samples,rawWW,cpTP24h,2,6
591,PAF_16062022,2022-06-24 12:12:41,2022-06-15,2022-06-16,Influent samples,rawWW,cpTP24h,2,6
620,PAF_30062022,2022-07-08 10:10:23,2022-06-29,2022-06-30,Influent Samples,rawWW,cpTP24h,2,6
621,PAF_04072022,2022-07-08 10:11:18,2022-07-03,2022-07-04,Influent Samples,rawWW,cpTP24h,2,6
563,PAR_02062022,2022-06-10 13:52:33,2022-06-01,2022-06-02,Influent samples,rawWW,cpTP24h,3,6
564,PAR_06062022,2022-06-10 13:53:17,2022-06-05,2022-06-06,Influent samples,rawWW,cpTP24h,3,6
579,PAR_09062022,2022-06-17 15:08:34,2022-06-08,2022-06-09,Influent samples,rawWW,cpTP24h,3,6
580,PAR_13062022,2022-06-17 15:09:10,2022-06-12,2022-06-13,Influent samples,rawWW,cpTP24h,3,6
593,PAR_16062022,2022-06-24 12:14:12,2022-06-15,2022-06-16,Influent samples,rawWW,cpTP24h,3,6
594,PAR_20062022,2022-06-24 12:14:47,2022-06-19,2022-06-20,Influent samples,rawWW,cpTP24h,3,6
607,PAR_23062022,2022-06-30 15:48:19,2022-06-22,2022-06-23,Influent samples,rawWW,cpTP24h,3,6
608,PAR_27062022,2022-06-30 15:48:58,2022-06-26,2022-06-27,Influent samples,rawWW,cpTP24h,3,6
622,PAR_30062022,2022-07-08 10:17:11,2022-06-29,2022-06-30,Influent Samples,rawWW,cpTP24h,3,6
623,PAR_04072022,2022-07-08 10:18:34,2022-07-03,2022-07-04,Influent Samples,rawWW,cpTP24h,3,6
565,AYI_02062022,2022-06-10 13:53:55,2022-06-01,2022-06-02,Influent samples,rawWW,cpTP24h,4,6
566,AYI_06062022,2022-06-10 13:54:26,2022-06-05,2022-06-06,Influent samples,rawWW,cpTP24h,4,6
581,AYI_09062022,2022-06-17 15:09:50,2022-06-08,2022-06-09,Influent samples,rawWW,cpTP24h,4,6
582,AYI_13062022,2022-06-17 15:10:25,2022-06-12,2022-06-13,Influent samples,rawWW,cpTP24h,4,6
595,AYI_16062022,2022-06-24 12:18:53,2022-06-15,2022-06-16,Influent samples,rawWW,cpTP24h,4,6
596,AYI_20062022,2022-06-24 12:19:45,2022-06-19,2022-06-20,Influent samples,rawWW,cpTP24h,4,6
609,AYI_23062022,2022-06-30 15:49:40,2022-06-22,2022-06-23,Influent samples,rawWW,cpTP24h,4,6
610,AYI_27062022,2022-06-30 15:50:19,2022-06-26,2022-06-27,Influent samples,rawWW,cpTP24h,4,6
624,AYI_30062022,2022-07-08 10:19:56,2022-06-29,2022-06-30,Influent Samples,rawWW,cpTP24h,4,6
625,AYI_04072022,2022-07-08 10:20:59,2022-07-03,2022-07-04,Influent Samples,rawWW,cpTP24h,4,6
632,AYI_07072022,2022-07-15 13:44:14,2022-07-06,2022-07-07,Influent Samples,rawWW,cpTP24h,4,6
633,AYI_11072022,2022-07-15 13:45:09,2022-07-10,2022-07-11,Influent Samples,rawWW,cpTP24h,4,6
637,VAT_11072022,2022-07-15 14:05:46,2022-07-10,2022-07-11,Influent Samples,rawWW,cpTP24h,7,2
638,PAF_07072022,2022-07-15 14:07:16,2022-07-06,2022-07-07,Influent Samples,rawWW,cpTP24h,2,2
639,PAF_11072022,2022-07-15 14:08:09,2022-07-10,2022-07-11,Influent Samples,rawWW,cpTP24h,2,2
642,LAR_14072022,2022-07-21 12:16:03,2022-07-13,2022-07-14,Influent samples,rawWW,cpTP24h,6,6
643,LAR_18072022,2022-07-21 12:16:53,2022-07-17,2022-07-18,Influent samples,rawWW,cpTP24h,6,6
644,ANT_14072022,2022-07-21 12:19:08,2022-07-13,2022-07-14,Influent samples,rawWW,cpTP24h,5,6
645,ANT_18072022,2022-07-21 12:19:40,2022-07-17,2022-07-18,Influent samples,rawWW,cpTP24h,5,6
646,VAT_14072022,2022-07-21 12:37:12,2022-07-13,2022-07-14,Influent samples,rawWW,cpTP24h,7,6
647,VAT_18072022,2022-07-21 12:37:56,2022-07-17,2022-07-18,Influent samples,rawWW,cpTP24h,7,6
648,PAF_14072022,2022-07-21 12:38:56,2022-07-13,2022-07-14,Influent samples,rawWW,cpTP24h,2,6
649,PAF_18072022,2022-07-21 12:39:45,2022-07-17,2022-07-18,Influent samples,rawWW,cpTP24h,2,6
654,LIM_21072022,2022-07-28 20:56:50,2022-07-20,2022-07-21,Influent samples,rawWW,cpTP24h,1,6
655,LIM_25072022,2022-07-28 20:57:20,2022-07-24,2022-07-25,Influent samples,rawWW,cpTP24h,1,6
656,LAR_21072022,2022-07-28 20:58:08,2022-07-20,2022-07-21,Influent samples,rawWW,cpTP24h,6,6
657,LAR_25072022,2022-07-28 20:58:45,2022-07-24,2022-07-25,Influent samples,rawWW,cpTP24h,6,6
658,ANT_25072022,2022-07-28 20:59:58,2022-07-24,2022-07-25,Influent samples,rawWW,cpTP24h,5,6
659,ANT_26072022,2022-07-28 21:00:28,2022-07-25,2022-07-26,Influent samples,rawWW,cpTP24h,5,6
660,VAT_21072022,2022-07-28 21:01:08,2022-07-20,2022-07-21,Influent samples,rawWW,cpTP24h,7,6
661,VAT_25072022,2022-07-28 21:03:22,2022-07-24,2022-07-25,Influent samples,rawWW,cpTP24h,7,6
662,PAF_21072022,2022-07-28 21:04:07,2022-07-20,2022-07-21,Influent samples,rawWW,cpTP24h,2,6
663,PAF_25072022,2022-07-28 21:04:53,2022-07-24,2022-07-25,Influent samples,rawWW,cpTP24h,2,6
668,LIM_28072022,2022-08-04 15:44:58,2022-07-27,2022-07-28,Influent samples,rawWW,cpTP24h,1,6
669,LIM_01082022,2022-08-04 15:45:35,2022-07-31,2022-08-01,Influent samples,rawWW,cpTP24h,1,6
670,LAR_28072022,2022-08-04 15:46:22,2022-07-27,2022-07-28,Influent samples,rawWW,cpTP24h,6,6
671,LAR_01082022,2022-08-04 15:47:08,2022-07-31,2022-08-01,Influent samples,rawWW,cpTP24h,6,6
672,ANT_28072022,2022-08-04 15:51:09,2022-07-27,2022-07-28,Influent samples,rawWW,cpTP24h,5,6
673,ANT_01082022,2022-08-04 15:51:41,2022-07-31,2022-08-01,Influent samples,rawWW,cpTP24h,5,6
674,VAT_28072022,2022-08-04 15:52:29,2022-07-27,2022-07-28,Influent samples,rawWW,cpTP24h,7,6
675,VAT_01082022,2022-08-04 15:53:05,2022-07-31,2022-08-01,Influent samples,rawWW,cpTP24h,7,6
676,PAF_28072022,2022-08-04 15:54:02,2022-07-27,2022-07-28,Influent samples,rawWW,cpTP24h,2,6
677,PAF_01082022,2022-08-04 15:54:46,2022-07-31,2022-08-01,Influent samples,rawWW,cpTP24h,2,6
678,PAR_28072022,2022-08-04 15:55:34,2022-07-27,2022-07-28,Influent samples,rawWW,cpTP24h,3,6
679,PAR_01082022,2022-08-04 15:55:59,2022-07-31,2022-08-01,Influent samples,rawWW,cpTP24h,3,6
680,AYI_28072022,2022-08-04 15:56:51,2022-07-27,2022-07-28,Influent samples,rawWW,cpTP24h,4,6
681,AYI_01082022,2022-08-04 15:57:28,2022-07-31,2022-08-01,Influent samples,rawWW,cpTP24h,4,6
50,LIM_24032022,2022-03-31 16:01:32,2022-03-23,2022-03-24,Influent samples,rawWW,cpTP24h,1,6
568,LIM_09062022,2022-06-17 14:58:52,2022-06-08,2022-06-09,Influent samples,rawWW,cpTP24h,1,6
640,LIM_14072022,2022-07-21 12:12:54,2022-07-13,2022-07-14,Influent samples,rawWW,cpTP24h,1,6
641,LIM_18072022,2022-07-21 12:15:13,2022-07-17,2022-07-18,Influent samples,rawWW,cpTP24h,1,6
420,LAR_02052022,2022-05-06 12:33:16,2022-05-01,2022-05-02,Influent Samples,rawWW,cpTP24h,6,6
614,LAR_30062022,2022-07-08 09:55:37,2022-06-29,2022-06-30,Influent Samples,rawWW,cpTP24h,6,6
682,ANT_13062022,2022-08-09 10:12:13,2022-06-12,2022-06-13,Influent samples,rawWW,cpTP24h,5,6
683,LIM_04082022,2022-08-12 13:19:25,2022-08-03,2022-08-04,Influent samples,rawWW,cpTP24h,1,6
684,LIM_08082022,2022-08-12 13:19:56,2022-08-07,2022-08-08,Influent samples,rawWW,cpTP24h,1,6
685,LAR_04082022,2022-08-12 13:21:02,2022-08-03,2022-08-04,Influent samples,rawWW,cpTP24h,6,6
686,LAR_08082022,2022-08-12 13:21:56,2022-08-07,2022-08-08,Influent samples,rawWW,cpTP24h,6,6
687,ANT_04082022,2022-08-12 13:22:38,2022-08-03,2022-08-04,Influent samples,rawWW,cpTP24h,5,6
688,ANT_08082022,2022-08-12 13:23:09,2022-08-07,2022-08-08,Influent samples,rawWW,cpTP24h,5,6
689,VAT_04082022,2022-08-12 13:44:45,2022-08-03,2022-08-04,Influent samples,rawWW,cpTP24h,7,6
690,VAT_08082022,2022-08-12 13:45:16,2022-08-07,2022-08-08,Influent samples,rawWW,cpTP24h,7,6
691,PAF_04082022,2022-08-12 13:46:25,2022-08-03,2022-08-04,Influent samples,rawWW,cpTP24h,2,6
692,PAF_08082022,2022-08-12 13:46:51,2022-08-07,2022-08-08,Influent samples,rawWW,cpTP24h,2,6
350,PAF_31032022,2022-04-08 16:59:31,2022-03-30,2022-03-31,Influent samples,rawWW,cpTP24h,2,6
694,PAR_08082022,2022-08-12 13:48:35,2022-08-07,2022-08-08,Influent samples,rawWW,cpTP24h,3,6
695,AYI_04082022,2022-08-12 13:49:12,2022-08-03,2022-08-04,Influent samples,rawWW,cpTP24h,4,6
696,AYI_08082022,2022-08-12 13:49:45,2022-08-07,2022-08-08,Influent samples,rawWW,cpTP24h,4,6
693,PAR_04082022,2022-08-12 13:47:33,2022-08-03,2022-08-04,Influent samples,rawWW,cpTP24h,3,6
697,LIM_11082022,2022-08-19 15:35:01,2022-08-10,2022-08-11,Influent samples,rawWW,cpTP24h,1,6
698,LIM_15082022,2022-08-19 15:35:27,2022-08-14,2022-08-15,Influent samples,rawWW,cpTP24h,1,6
699,LAR_11082022,2022-08-19 15:36:00,2022-08-10,2022-08-11,Influent samples,rawWW,cpTP24h,6,6
700,LAR_15082022,2022-08-19 15:36:27,2022-08-14,2022-08-15,Influent samples,rawWW,cpTP24h,6,6
701,ANT_11082022,2022-08-19 15:37:04,2022-08-10,2022-08-11,Influent samples,rawWW,cpTP24h,5,6
702,ANT_15082022,2022-08-19 15:37:36,2022-08-14,2022-08-15,Influent samples,rawWW,cpTP24h,5,6
703,VAT_11082022,2022-08-19 15:38:10,2022-08-10,2022-08-11,Influent samples,rawWW,cpTP24h,7,6
634,PAR_07072022,2022-07-15 13:58:49,2022-07-06,2022-07-07,Influent Samples,rawWW,cpTP24h,3,6
635,PAR_11072022,2022-07-15 14:00:32,2022-07-10,2022-07-11,Influent Samples,rawWW,cpTP24h,3,6
650,PAR_14072022,2022-07-21 12:42:18,2022-07-13,2022-07-14,Influent samples,rawWW,cpTP24h,3,6
651,PAR_18072022,2022-07-21 12:43:08,2022-07-17,2022-07-18,Influent samples,rawWW,cpTP24h,3,6
664,PAR_21072022,2022-07-28 21:07:35,2022-07-20,2022-07-21,Influent samples,rawWW,cpTP24h,3,6
665,PAR_25072022,2022-07-28 21:08:11,2022-07-24,2022-07-25,Influent samples,rawWW,cpTP24h,3,6
652,AYI_14072022,2022-07-21 12:44:11,2022-07-13,2022-07-14,Influent samples,rawWW,cpTP24h,4,6
653,AYI_18072022,2022-07-21 12:46:13,2022-07-17,2022-07-18,Influent samples,rawWW,cpTP24h,4,6
666,AYI_21072022,2022-07-28 21:09:16,2022-07-20,2022-07-21,Influent samples,rawWW,cpTP24h,4,6
667,AYI_25072022,2022-07-28 21:09:48,2022-07-24,2022-07-25,Influent samples,rawWW,cpTP24h,4,6
704,VAT_15082022,2022-08-19 15:38:40,2022-08-14,2022-08-15,Influent samples,rawWW,cpTP24h,7,6
705,PAF_11082022,2022-08-19 15:39:23,2022-08-10,2022-08-11,Influent samples,rawWW,cpTP24h,2,6
706,PAF_15082022,2022-08-19 15:39:50,2022-08-14,2022-08-15,Influent samples,rawWW,cpTP24h,2,6
707,PAR_11082022,2022-08-19 15:40:25,2022-08-10,2022-08-11,Influent samples,rawWW,cpTP24h,3,6
708,PAR_15082022,2022-08-19 15:40:58,2022-08-14,2022-08-15,Influent samples,rawWW,cpTP24h,3,6
709,AYI_11082022,2022-08-19 15:41:29,2022-08-10,2022-08-11,Influent samples,rawWW,cpTP24h,4,6
710,AYI_15082022,2022-08-19 15:41:54,2022-08-14,2022-08-15,Influent samples,rawWW,cpTP24h,4,6
636,VAT_07072022,2022-07-15 14:04:44,2022-07-06,2022-07-07,Influent Samples,rawWW,cpTP24h,7,6
534,PAF_23052022,2022-05-27 11:20:36,2022-05-22,2022-05-23,Influent samples,rawWW,cpTP24h,2,6
711,PAF_13062022,2022-08-22 13:56:34,2022-06-12,2022-06-13,Influent samples,rawWW,cpTP24h,2,6
712,LIM_18082022,2022-08-26 11:44:10,2022-08-17,2022-08-18,Influent samples,rawWW,cpTP24h,1,6
713,LIM_22082022,2022-08-26 11:45:03,2022-08-21,2022-08-22,Influent samples,rawWW,cpTP24h,1,6
714,LAR_18082022,2022-08-26 11:46:32,2022-08-17,2022-08-18,Influent samples,rawWW,cpTP24h,6,6
715,LAR_22082022,2022-08-26 11:47:12,2022-08-21,2022-08-22,Influent samples,rawWW,cpTP24h,6,6
717,VAT_18082022,2022-08-26 11:49:02,2022-08-17,2022-08-18,Influent samples,rawWW,cpTP24h,7,6
718,VAT_22082022,2022-08-26 11:49:43,2022-08-21,2022-08-22,Influent samples,rawWW,cpTP24h,7,6
719,PAF_18082022,2022-08-26 11:50:44,2022-08-17,2022-08-18,Influent samples,rawWW,cpTP24h,2,6
720,PAF_22082022,2022-08-26 11:51:25,2022-08-21,2022-08-22,Influent samples,rawWW,cpTP24h,2,6
721,PAR_18082022,2022-08-26 12:00:23,2022-08-17,2022-08-18,Influent samples,rawWW,cpTP24h,3,6
722,PAR_22082022,2022-08-26 12:00:57,2022-08-21,2022-08-22,Influent samples,rawWW,cpTP24h,3,6
723,AYI_18082022,2022-08-26 12:08:49,2022-08-17,2022-08-18,Influent samples,rawWW,cpTP24h,4,6
724,AYI_22082022,2022-08-26 12:09:16,2022-08-21,2022-08-22,Influent samples,rawWW,cpTP24h,4,6
716,ANT_22082022,2022-08-26 11:48:11,2022-08-21,2022-08-22,Influent samples,rawWW,cpTP24h,5,6
725,LIM_25082022,2022-09-02 09:59:41,2022-08-24,2022-08-25,Influent samples,rawWW,cpTP24h,1,6
726,LIM_29082022,2022-09-02 10:00:23,2022-08-28,2022-08-29,Influent samples,rawWW,cpTP24h,1,6
727,LAR_25082022,2022-09-02 10:01:22,2022-08-24,2022-08-25,Influent samples,rawWW,cpTP24h,6,6
728,LAR_29082022,2022-09-02 10:02:05,2022-08-28,2022-08-29,Influent samples,rawWW,cpTP24h,6,6
729,ANT_25082022,2022-09-02 10:05:25,2022-08-24,2022-08-25,Influent samples,rawWW,cpTP24h,5,6
730,VAT_25082022,2022-09-02 10:23:25,2022-08-24,2022-08-25,Influent samples,rawWW,cpTP24h,7,6
731,VAT_29082022,2022-09-02 10:24:20,2022-08-28,2022-08-29,Influent samples,rawWW,cpTP24h,7,6
732,PAF_25082022,2022-09-02 10:25:07,2022-08-24,2022-08-25,Influent samples,rawWW,cpTP24h,2,6
733,PAF_29082022,2022-09-02 10:25:43,2022-08-28,2022-08-29,Influent samples,rawWW,cpTP24h,2,6
734,PAR_25082022,2022-09-02 10:26:48,2022-08-24,2022-08-25,Influent samples,rawWW,cpTP24h,3,6
735,PAR_29082022,2022-09-02 10:27:20,2022-08-28,2022-08-29,Influent samples,rawWW,cpTP24h,3,6
736,AYI_25082022,2022-09-02 10:28:16,2022-08-24,2022-08-25,Influent samples,rawWW,cpTP24h,4,6
737,AYI_29082022,2022-09-02 10:28:51,2022-08-28,2022-08-29,Influent samples,rawWW,cpTP24h,4,6
738,ANT_24082022,2022-09-02 11:50:18,2022-08-23,2022-08-24,Influent samples,rawWW,cpTP24h,5,6
739,ANT_29082022,2022-09-02 11:51:00,2022-08-28,2022-08-29,Influent samples,rawWW,cpTP24h,5,6
740,LIM_01092022,2022-09-09 09:38:01,2022-08-31,2022-09-01,Influent samples,rawWW,cpTP24h,1,6
741,LIM_05092022,2022-09-09 09:38:53,2022-09-04,2022-09-05,Influent samples,rawWW,cpTP24h,1,6
742,LAR_01092022,2022-09-09 09:40:38,2022-08-31,2022-09-01,Influent samples,rawWW,cpTP24h,6,6
743,LAR_05092022,2022-09-09 09:42:03,2022-09-04,2022-09-05,Influent samples,rawWW,cpTP24h,6,6
744,ANT_01092022,2022-09-09 09:43:14,2022-08-31,2022-09-01,Influent samples,rawWW,cpTP24h,5,6
745,ANT_05092022,2022-09-09 09:43:50,2022-09-04,2022-09-05,Influent samples,rawWW,cpTP24h,5,6
746,VAT_01092022,2022-09-09 09:46:58,2022-08-31,2022-09-01,Influent samples,rawWW,cpTP24h,7,6
747,VAT_05092022,2022-09-09 09:47:36,2022-09-04,2022-09-05,Influent samples,rawWW,cpTP24h,7,6
748,PAF_01092022,2022-09-09 09:48:22,2022-08-31,2022-09-01,Influent samples,rawWW,cpTP24h,2,6
749,PAF_05092022,2022-09-09 09:49:27,2022-09-04,2022-09-05,Influent samples,rawWW,cpTP24h,2,6
750,PAR_01092022,2022-09-09 10:02:11,2022-08-31,2022-09-01,Influent samples,rawWW,cpTP24h,3,6
751,PAR_05092022,2022-09-09 10:02:42,2022-09-04,2022-09-05,Influent samples,rawWW,cpTP24h,3,6
752,AYI_01092022,2022-09-09 10:03:23,2022-08-31,2022-09-01,Influent samples,rawWW,cpTP24h,4,6
753,AYI_05092022,2022-09-09 10:03:57,2022-09-04,2022-09-05,Influent samples,rawWW,cpTP24h,4,6
754,LIM_08092022,2022-09-16 13:17:31,2022-09-07,2022-09-08,Influent samples,rawWW,cpTP24h,1,6
755,LIM_12092022,2022-09-16 13:18:08,2022-09-11,2022-09-12,Influent samples,rawWW,cpTP24h,1,6
756,LAR_08092022,2022-09-16 13:18:53,2022-09-07,2022-09-08,Influent samples,rawWW,cpTP24h,6,6
757,LAR_12092022,2022-09-16 13:19:35,2022-09-11,2022-09-12,Influent samples,rawWW,cpTP24h,6,6
758,ANT_08092022,2022-09-16 13:20:29,2022-09-07,2022-09-08,Influent samples,rawWW,cpTP24h,5,6
759,ANT_12092022,2022-09-16 13:21:11,2022-09-11,2022-09-12,Influent samples,rawWW,cpTP24h,5,6
760,VAT_08092022,2022-09-16 13:21:55,2022-09-07,2022-09-08,Influent samples,rawWW,cpTP24h,7,6
761,VAT_12092022,2022-09-16 13:27:47,2022-09-11,2022-09-12,Influent samples,rawWW,cpTP24h,7,6
762,PAF_08092022,2022-09-16 13:28:25,2022-09-07,2022-09-08,Influent samples,rawWW,cpTP24h,2,6
763,PAF_12092022,2022-09-16 13:28:54,2022-09-11,2022-09-12,Influent samples,rawWW,cpTP24h,2,6
764,PAR_08092022,2022-09-16 13:29:32,2022-09-07,2022-09-08,Influent samples,rawWW,cpTP24h,3,6
765,PAR_12092022,2022-09-16 13:30:08,2022-09-11,2022-09-12,Influent samples,rawWW,cpTP24h,3,6
766,AYI_08092022,2022-09-16 13:30:48,2022-09-07,2022-09-08,Influent samples,rawWW,cpTP24h,4,6
767,AYI_12092022,2022-09-16 13:32:17,2022-09-11,2022-09-12,Influent samples,rawWW,cpTP24h,4,6
768,LIM_15092022,2022-09-23 14:13:30,2022-09-14,2022-09-15,Influent samples,rawWW,cpTP24h,1,6
769,LIM_19092022,2022-09-23 14:14:00,2022-09-18,2022-09-19,Influent samples,rawWW,cpTP24h,1,6
770,LAR_15092022,2022-09-23 14:14:56,2022-09-14,2022-09-15,Influent samples,rawWW,cpTP24h,6,6
771,LAR_19092022,2022-09-23 14:16:00,2022-09-18,2022-09-19,Influent samples,rawWW,cpTP24h,6,6
772,VAT_15092022,2022-09-23 14:22:07,2022-09-14,2022-09-15,Influent samples,rawWW,cpTP24h,7,6
773,VAT_19092022,2022-09-23 14:23:08,2022-09-18,2022-09-19,Influent samples,rawWW,cpTP24h,7,6
774,PAF_19092022,2022-09-23 14:25:43,2022-09-18,2022-09-19,Influent samples,rawWW,cpTP24h,2,6
775,PAR_15092022,2022-09-23 14:26:29,2022-09-14,2022-09-15,Influent samples,rawWW,cpTP24h,3,6
776,PAR_19092022,2022-09-23 14:27:33,2022-09-18,2022-09-19,Influent samples,rawWW,cpTP24h,3,6
777,AYI_15092022,2022-09-23 14:28:20,2022-09-14,2022-09-15,Influent samples,rawWW,cpTP24h,4,6
778,AYI_19092022,2022-09-23 14:28:54,2022-09-18,2022-09-19,Influent samples,rawWW,cpTP24h,4,6
779,PAF_22092022,2022-09-30 14:41:35,2022-09-21,2022-09-22,Influent samples,rawWW,cpTP24h,2,6
780,PAF_26092022,2022-09-30 14:42:28,2022-09-25,2022-09-26,Influent samples,rawWW,cpTP24h,2,6
781,LAR_22092022,2022-09-30 14:43:23,2022-09-21,2022-09-22,Influent samples,rawWW,cpTP24h,6,6
782,LAR_26092022,2022-09-30 14:45:16,2022-09-25,2022-09-26,Influent samples,rawWW,cpTP24h,6,6
783,PAR_22092022,2022-09-30 14:46:31,2022-09-21,2022-09-22,Influent samples,rawWW,cpTP24h,3,6
784,PAR_26092022,2022-09-30 14:49:23,2022-09-25,2022-09-26,Influent samples,rawWW,cpTP24h,3,6
785,AYI_22092022,2022-09-30 14:51:07,2022-09-21,2022-09-22,Influent samples,rawWW,cpTP24h,4,6
786,AYI_26092022,2022-09-30 14:51:37,2022-09-25,2022-09-26,Influent samples,rawWW,cpTP24h,4,6
787,PAR_29092022,2022-10-07 14:52:43,2022-09-28,2022-09-29,Influent samples,rawWW,cpTP24h,3,6
788,PAR_03102022,2022-10-07 14:55:28,2022-10-02,2022-10-03,Influent samples,rawWW,cpTP24h,3,6
789,AYI_29092022,2022-10-07 14:56:17,2022-09-28,2022-09-29,Influent samples,rawWW,cpTP24h,4,6
790,AYI_03102022,2022-10-07 14:56:55,2022-10-02,2022-10-03,Influent samples,rawWW,cpTP24h,4,6
791,AYI_06102022,2022-10-14 22:03:48,2022-10-05,2022-10-06,Influent samples,rawWW,cpTP24h,4,6
792,AYI_10102022,2022-10-14 22:10:52,2022-10-09,2022-10-10,Influent samples,rawWW,cpTP24h,4,6
793,PAR_06102022,2022-10-14 22:11:48,2022-10-05,2022-10-06,Influent samples,rawWW,cpTP24h,3,6
794,PAR_10102022,2022-10-14 22:13:06,2022-10-09,2022-10-10,Influent samples,rawWW,cpTP24h,3,6
